motor,cmd_duty,t,actual_duty,erpm,imotor,ibatt,id,iq,vin,fault,trips,qdrop,crc
left,0.0,0.07485781499417499,0.0,0.0,0.3,0.1,0.3,0.0,42.9,0,0,0,0
left,0.0,0.2024824889958836,0.0,0.0,0.3,0.1,0.3,0.0,42.9,0,0,0,0
left,0.0,0.32708249596180394,0.0,0.0,0.3,0.1,0.3,0.0,42.9,0,0,0,0
left,0.0,0.45198124198941514,0.0,0.0,0.3,0.1,0.3,0.0,42.9,0,0,0,0
left,0.05,0.09568584797671065,0.05,0.0,0.29,0.1,0.29,0.0,42.9,0,0,0,0
left,0.05,0.21001390897436067,0.05,0.0,0.12,0.08,0.12,0.02,42.9,0,0,0,0
left,0.05,0.3244222369976342,0.05,0.0,0.11,0.08,0.11,0.02,42.9,0,0,0,0
left,0.05,0.43863724498078227,0.05,0.0,0.1,0.1,0.1,0.02,42.9,0,0,0,0
left,0.1,0.15721735201077536,0.05,0.0,0.09,0.1,0.09,0.01,42.9,0,0,0,0
left,0.1,0.49823021999327466,0.1,443.0,0.13,0.12,-0.01,-0.13,42.9,0,0,0,0
left,0.15,0.09501725202426314,0.15,449.0,0.18,0.14,0.0,0.18,42.9,0,0,0,0
left,0.15,0.21994557103607804,0.15,914.0,0.24,0.18,-0.01,0.24,42.9,0,0,0,0
left,0.15,0.3446322940289974,0.15,914.0,0.15,0.16,0.01,0.15,42.9,0,0,0,0
left,0.15,0.4693893300136551,0.15,919.0,0.19,0.16,0.0,0.19,42.9,0,0,0,0
left,0.2,0.07613193499855697,0.2,919.0,0.22,0.18,-0.01,0.22,42.9,0,0,0,0
left,0.2,0.2006966180051677,0.2,1344.0,0.21,0.2,-0.01,0.21,42.9,0,0,0,0
left,0.2,0.32536705501843244,0.2,1355.0,0.15,0.18,0.02,0.15,42.9,0,0,0,0
left,0.2,0.45016259304247797,0.2,1344.0,0.18,0.2,-0.01,0.18,42.9,0,0,0,0
left,0.25,0.07485183799872175,0.2,1344.0,0.14,0.2,0.0,0.14,42.9,0,0,0,0
left,0.25,0.20086059701861814,0.25,1839.0,0.32,0.28,0.01,0.32,42.9,0,0,0,0
left,0.25,0.32552380801644176,0.25,1818.0,0.14,0.2,0.0,0.14,42.9,0,0,0,0
left,0.25,0.45044663798762485,0.25,1839.0,0.16,0.22,0.01,0.16,42.9,0,0,0,0
left,0.3,0.08552738500293344,0.25,1818.0,0.18,0.22,-0.01,0.18,42.9,0,0,0,0
left,0.3,0.21165864897193387,0.3,2318.0,0.28,0.3,0.0,0.28,42.9,0,0,0,0
left,0.3,0.3426970769651234,0.3,2285.0,0.16,0.24,0.0,0.16,42.9,0,0,0,0
left,0.3,0.4676301389699802,0.3,2318.0,0.18,0.24,-0.01,0.18,42.9,0,0,0,0
left,0.35,0.07465515797957778,0.3,2318.0,0.17,0.24,0.0,0.17,42.9,0,0,0,0
left,0.35,0.19917348097078502,0.35,2807.0,0.32,0.34,0.0,0.32,42.9,0,0,0,0
left,0.35,0.32394792296690866,0.35,2857.0,0.15,0.26,0.01,0.15,42.9,0,0,0,0
left,0.35,0.4485076770070009,0.35,2857.0,0.2,0.28,-0.01,0.2,42.9,0,0,0,0
left,0.4,0.07465228502405807,0.4,2807.0,0.18,0.28,0.01,0.18,42.9,0,0,0,0
left,0.4,0.20039083901792765,0.4,3265.0,0.31,0.38,0.0,0.31,42.9,0,0,0,0
left,0.4,0.3249614699743688,0.4,3265.0,0.2,0.3,0.0,0.2,42.9,0,0,0,0
left,0.4,0.44948836602270603,0.4,3333.0,0.19,0.32,0.01,0.19,42.9,0,0,0,0
left,0.45,0.07475515099940822,0.4,3265.0,0.21,0.32,0.0,0.21,42.9,0,0,0,0
left,0.45,0.19893592898733914,0.45,3720.0,0.35,0.44,-0.01,0.35,42.9,0,0,0,0
left,0.45,0.32308177498634905,0.45,3720.0,0.21,0.36,0.0,0.21,42.8,0,0,0,0
left,0.45,0.4476972169941291,0.45,3809.0,0.2,0.34,0.02,0.2,42.8,0,0,0,0
left,0.5,0.07469111296813935,0.5,3809.0,0.25,0.36,-0.02,0.25,42.8,0,0,0,0
left,0.5,0.20119877200340852,0.5,4210.0,0.34,0.48,0.0,0.34,42.8,0,0,0,0
left,0.5,0.3254672049661167,0.5,4210.0,0.22,0.4,0.0,0.22,42.8,0,0,0,0
left,0.5,0.4505491149611771,0.5,4324.0,0.21,0.4,0.01,0.21,42.8,0,0,0,0
left,0.55,0.07465201598824933,0.55,4210.0,0.25,0.4,-0.02,0.25,42.8,0,0,0,0
left,0.55,0.19909163302509114,0.55,4705.0,0.35,0.56,0.0,0.35,42.8,0,0,0,0
left,0.55,0.32373787398682907,0.55,4705.0,0.21,0.42,0.01,0.21,42.8,0,0,0,0
left,0.55,0.45151689799968153,0.55,4848.0,0.24,0.46,0.0,0.24,42.8,0,0,0,0
left,0.6,0.0746529980096966,0.6,4705.0,0.22,0.44,0.01,0.22,42.8,0,0,0,0
left,0.6,0.1994556540157646,0.6,5161.0,0.36,0.62,0.0,0.36,42.8,0,0,0,0
left,0.6,0.3242426330107264,0.6,5161.0,0.22,0.48,0.0,0.22,42.8,0,0,0,0
left,0.6,0.44894525600830093,0.6,5161.0,0.23,0.5,0.0,0.23,42.8,0,0,0,0
left,0.65,0.073965470015537,0.65,5333.0,0.23,0.48,0.0,0.23,42.8,0,0,0,0
left,0.65,0.19920937402639538,0.65,5714.0,0.36,0.68,0.0,0.36,42.8,0,0,0,0
left,0.65,0.31583706400124356,0.65,5714.0,0.22,0.52,0.0,0.22,42.8,0,0,0,0
left,0.65,0.4408153030090034,0.65,5714.0,0.23,0.54,0.02,0.23,42.8,0,0,0,0
left,0.7,0.07503063895273954,0.7,5714.0,0.24,0.54,0.0,0.24,42.8,0,0,0,0
left,0.7,0.1996783209615387,0.7,6153.0,0.34,0.72,-0.01,0.34,42.8,0,0,0,0
left,0.7,0.32412709295749664,0.7,6153.0,0.21,0.56,-0.01,0.21,42.8,0,0,0,0
left,0.7,0.44845572795020416,0.7,6153.0,0.21,0.58,0.03,0.21,42.8,0,0,0,0
left,0.75,0.07481836597435176,0.75,6153.0,0.21,0.58,0.0,0.21,42.8,0,0,0,0
left,0.75,0.19928647595224902,0.75,6666.0,0.32,0.78,0.0,0.32,42.8,0,0,0,0
left,0.75,0.32429386099101976,0.75,6666.0,0.19,0.62,0.0,0.19,42.8,0,0,0,0
left,0.75,0.44892942998558283,0.75,6666.0,0.21,0.64,-0.03,0.21,42.8,0,0,0,0
left,0.8,0.07483058597426862,0.8,6666.0,0.21,0.62,0.01,0.21,42.8,0,0,0,0
left,0.8,0.19968439399963245,0.8,6956.0,0.31,0.86,0.03,0.31,42.8,0,0,0,0
left,0.8,0.3243642940069549,0.8,6956.0,0.18,0.68,0.0,0.18,42.8,0,0,0,0
left,0.8,0.44909471698338166,0.8,6956.0,0.18,0.68,0.0,0.18,42.8,0,0,0,0
left,0.85,0.07545192301040515,0.85,7272.0,0.18,0.7,0.0,0.18,42.8,0,0,0,0
left,0.85,0.20247847598511726,0.85,7619.0,0.29,0.92,0.0,0.29,42.8,0,0,0,0
left,0.85,0.32726460200501606,0.85,7619.0,0.15,0.76,0.0,0.15,42.8,0,0,0,0
left,0.85,0.45231631997739896,0.85,7619.0,0.16,0.74,0.0,0.16,42.8,0,0,0,0
left,0.9,0.07568157400237396,0.85,7619.0,0.16,0.78,0.0,0.16,42.8,0,0,0,0
left,0.9,0.20059379399754107,0.9,8000.0,0.23,0.98,0.02,0.23,42.9,0,0,0,0
left,0.9,0.32491637696512043,0.9,8421.0,0.1,0.82,0.0,0.1,42.9,0,0,0,0
left,0.9,0.44904831994790584,0.9,8000.0,0.11,0.8,0.0,0.11,42.9,0,0,0,0
left,0.95,0.0746947760344483,0.95,8000.0,0.12,0.84,-0.01,0.12,42.9,0,0,0,0
left,0.95,0.1996869569993578,0.95,8421.0,0.24,1.08,0.02,0.24,42.9,0,0,0,0
left,0.95,0.32408177602337673,0.95,8888.0,0.13,0.9,0.0,0.13,42.9,0,0,0,0
left,0.95,0.4490477830404416,0.95,8421.0,0.13,0.9,0.0,0.13,42.9,0,0,0,0
left,1.0,0.07484458602266386,1.0,8888.0,0.14,0.9,-0.01,0.14,42.9,0,0,0,0
left,1.0,0.1995455389842391,1.0,8888.0,0.14,1.14,0.0,-0.14,42.9,0,0,0,0
left,1.0,0.3247119730222039,1.0,8888.0,0.26,0.96,0.0,-0.26,42.9,0,0,0,0
left,1.0,0.4495291920029558,1.0,8888.0,0.28,0.94,0.01,-0.28,42.9,0,0,0,0
left,0.0,0.10539801395498216,0.0,-730.0,0.34,0.08,0.21,0.26,43.0,0,0,0,0
left,0.0,0.2714120029704645,0.0,-730.0,0.34,0.08,0.21,0.27,43.0,0,0,0,0
left,0.0,0.4270850979955867,0.0,-730.0,0.33,0.08,0.21,0.26,43.0,0,0,0,0
left,-0.05,0.07427360099973157,0.0,0.0,0.33,0.08,0.21,0.26,43.0,0,0,0,0
left,-0.05,0.19949051999719813,0.05,0.0,0.21,0.08,-0.04,0.2,43.0,0,0,0,0
left,-0.05,0.3241327349678613,0.05,0.0,0.2,0.08,-0.05,0.19,43.0,0,0,0,0
left,-0.05,0.4494216029997915,0.05,0.0,0.2,0.08,-0.05,0.19,43.0,0,0,0,0
left,-0.1,0.07498505001422018,0.05,0.0,0.2,0.08,-0.05,0.19,43.0,0,0,0,0
left,-0.1,0.2001892900443636,-0.1,-31.0,0.38,0.14,-0.32,-0.21,43.0,0,0,0,0
left,-0.1,0.32537721301196143,-0.1,-476.0,0.15,0.12,0.0,-0.15,43.0,0,0,0,0
left,-0.1,0.4503501030267216,-0.1,-461.0,0.14,0.12,0.0,-0.14,43.0,0,0,0,0
left,-0.15,0.07475468498887494,-0.1,-458.0,0.15,0.12,0.0,-0.15,43.0,0,0,0,0
left,-0.15,0.18990722799208015,-0.15,-919.0,0.28,0.14,0.03,-0.28,43.0,0,0,0,0
left,-0.15,0.3151384969823994,-0.15,-919.0,0.22,0.14,-0.01,-0.22,43.0,0,0,0,0
left,-0.15,0.42966920096660033,-0.15,-930.0,0.14,0.12,-0.01,-0.14,43.0,0,0,0,0
left,-0.2,0.0748919959878549,-0.2,-924.0,0.11,0.14,0.0,-0.11,43.0,0,0,0,0
left,-0.2,0.19972606399096549,-0.2,-1367.0,0.32,0.2,0.01,-0.32,42.9,0,0,0,0
left,-0.2,0.31416088598780334,-0.2,-1379.0,0.16,0.16,-0.01,-0.16,42.9,0,0,0,0
left,-0.2,0.43901219096733257,-0.2,-1403.0,0.15,0.16,0.02,-0.14,42.9,0,0,0,0
left,-0.25,0.0748089459957555,-0.2,-1391.0,0.2,0.16,-0.01,-0.2,42.9,0,0,0,0
left,-0.25,0.19888599799014628,-0.25,-1860.0,0.26,0.22,0.01,-0.26,42.9,0,0,0,0
left,-0.25,0.3129428129759617,-0.25,-1839.0,0.2,0.18,-0.01,-0.2,42.9,0,0,0,0
left,-0.25,0.4374650639947504,-0.25,-1882.0,0.15,0.18,0.01,-0.15,42.9,0,0,0,0
left,-0.3,0.07420445600291714,-0.25,-1839.0,0.19,0.18,-0.01,-0.19,42.9,0,0,0,0
left,-0.3,0.1991174680297263,-0.3,-2352.0,0.29,0.28,0.02,-0.29,42.9,0,0,0,0
left,-0.3,0.32475238101324067,-0.3,-2318.0,0.18,0.22,-0.01,-0.18,42.9,0,0,0,0
left,-0.3,0.44967913202708587,-0.3,-2352.0,0.17,0.22,0.01,-0.17,42.9,0,0,0,0
left,-0.35,0.07457429601345211,-0.35,-2318.0,0.21,0.22,-0.01,-0.21,42.9,0,0,0,0
left,-0.35,0.20017732703126967,-0.35,-2807.0,0.29,0.32,0.01,-0.29,42.9,0,0,0,0
left,-0.35,0.3252997240051627,-0.35,-2807.0,0.21,0.26,-0.01,-0.21,42.9,0,0,0,0
left,-0.35,0.4503996690036729,-0.35,-2857.0,0.19,0.26,0.01,-0.19,42.9,0,0,0,0
left,-0.4,0.07474055100465193,-0.35,-2807.0,0.19,0.26,0.0,-0.19,42.9,0,0,0,0
left,-0.4,0.18895375402644277,-0.4,-3333.0,0.34,0.38,0.0,-0.34,42.9,0,0,0,0
left,-0.4,0.3135718260309659,-0.4,-3333.0,0.2,0.3,0.0,-0.2,42.9,0,0,0,0
left,-0.4,0.4387785560102202,-0.4,-3333.0,0.21,0.3,0.0,-0.21,42.9,0,0,0,0
left,-0.45,0.0747827870072797,-0.4,-3333.0,0.21,0.3,0.0,-0.21,42.9,0,0,0,0
left,-0.45,0.20089799899142236,-0.45,-3809.0,0.34,0.42,0.0,-0.34,42.9,0,0,0,0
left,-0.45,0.3259197120205499,-0.45,-3809.0,0.21,0.34,0.01,-0.21,42.9,0,0,0,0
left,-0.45,0.45221453497651964,-0.45,-3809.0,0.22,0.34,-0.01,-0.22,42.9,0,0,0,0
left,-0.5,0.06438216101378202,-0.5,-3809.0,0.23,0.34,0.01,-0.23,42.9,0,0,0,0
left,-0.5,0.1904589209589176,-0.5,-4210.0,0.36,0.48,0.0,-0.36,42.9,0,0,0,0
left,-0.5,0.3151856620097533,-0.5,-4324.0,0.22,0.38,0.0,-0.22,42.9,0,0,0,0
left,-0.5,0.4446504120132886,-0.5,-4324.0,0.22,0.38,0.0,-0.22,42.9,0,0,0,0
left,-0.55,0.07495586102595553,-0.5,-4324.0,0.24,0.38,0.0,-0.24,42.9,0,0,0,0
left,-0.55,0.18922079901676625,-0.55,-4848.0,0.35,0.54,0.01,-0.35,42.9,0,0,0,0
left,-0.55,0.30469539598561823,-0.55,-4705.0,0.24,0.44,0.0,-0.24,42.9,0,0,0,0
left,-0.55,0.42911949002882466,-0.55,-4705.0,0.23,0.42,0.01,-0.23,42.8,0,0,0,0
left,-0.6,0.0744961429736577,-0.55,-4705.0,0.24,0.44,-0.02,-0.24,42.8,0,0,0,0
left,-0.6,0.19936202897224575,-0.6,-5161.0,0.34,0.6,0.02,-0.34,42.8,0,0,0,0
left,-0.6,0.32368022098671645,-0.6,-5161.0,0.23,0.48,0.0,-0.23,42.8,0,0,0,0
left,-0.6,0.44786105398088694,-0.6,-5333.0,0.24,0.5,0.0,-0.24,42.8,0,0,0,0
left,-0.65,0.07482822996098548,-0.6,-5333.0,0.25,0.48,0.0,-0.25,42.8,0,0,0,0
left,-0.65,0.19972935499390587,-0.65,-5714.0,0.34,0.66,0.01,-0.34,42.8,0,0,0,0
left,-0.65,0.32462926395237446,-0.65,-5714.0,0.24,0.54,0.0,-0.24,42.8,0,0,0,0
left,-0.65,0.4495111019932665,-0.65,-5714.0,0.23,0.54,0.0,-0.23,42.8,0,0,0,0
left,-0.7,0.07457571697887033,-0.65,-5925.0,0.24,0.52,0.0,-0.24,42.8,0,0,0,0
left,-0.7,0.19944064295850694,-0.7,-6153.0,0.35,0.72,-0.01,-0.35,42.8,0,0,0,0
left,-0.7,0.324096844997257,-0.7,-6153.0,0.2,0.56,0.01,-0.2,42.8,0,0,0,0
left,-0.7,0.4384032929665409,-0.7,-6153.0,0.21,0.58,0.0,-0.21,42.8,0,0,0,0
left,-0.75,0.07321717101149261,-0.75,-6153.0,0.21,0.56,0.0,-0.21,42.8,0,0,0,0
left,-0.75,0.19800857600057498,-0.75,-6666.0,0.34,0.78,0.0,-0.34,42.8,0,0,0,0
left,-0.75,0.3243187320185825,-0.75,-6666.0,0.2,0.62,0.01,-0.2,42.8,0,0,0,0
left,-0.75,0.44888920499943197,-0.75,-6666.0,0.21,0.64,-0.01,-0.21,42.8,0,0,0,0
left,-0.8,0.0748427759972401,-0.75,-6666.0,0.21,0.64,0.0,-0.21,42.8,0,0,0,0
left,-0.8,0.19946774002164602,-0.8,-6956.0,0.3,0.84,0.02,-0.3,42.8,0,0,0,0
left,-0.8,0.32394035102333874,-0.8,-7272.0,0.21,0.72,-0.01,-0.21,42.8,0,0,0,0
left,-0.8,0.44844037300208583,-0.8,-6956.0,0.19,0.68,0.0,-0.19,42.8,0,0,0,0
left,-0.85,0.07467525498941541,-0.8,-7272.0,0.2,0.7,0.0,-0.2,42.8,0,0,0,0
left,-0.85,0.19961672701174393,-0.85,-7619.0,0.3,0.94,0.0,-0.3,42.8,0,0,0,0
left,-0.85,0.3240729820099659,-0.85,-7619.0,0.18,0.76,0.0,-0.18,42.8,0,0,0,0
left,-0.85,0.44880832999479026,-0.85,-7619.0,0.17,0.78,0.02,-0.17,42.8,0,0,0,0
left,-0.9,0.07468031597090885,-0.85,-7619.0,0.17,0.78,0.0,-0.17,42.8,0,0,0,0
left,-0.9,0.199577817984391,-0.9,-8000.0,0.22,0.98,0.01,-0.22,42.8,0,0,0,0
left,-0.9,0.3243928919546306,-0.9,-8000.0,0.13,0.84,-0.02,-0.13,42.8,0,0,0,0
left,-0.9,0.45030845096334815,-0.9,-8421.0,0.1,0.82,0.0,-0.1,42.8,0,0,0,0
left,-0.95,0.0746707390062511,-0.9,-8000.0,0.1,0.8,0.0,-0.1,42.8,0,0,0,0
left,-0.95,0.1998665040009655,-0.95,-8421.0,0.2,1.1,0.01,-0.2,42.8,0,0,0,0
left,-0.95,0.3246562539716251,-0.95,-8888.0,0.09,0.94,-0.01,-0.09,42.8,0,0,0,0
left,-0.95,0.4492060450138524,-0.95,-8421.0,0.05,0.86,0.01,-0.05,42.8,0,0,0,0
left,-1.0,0.07478245097445324,-0.95,-8888.0,0.09,0.94,0.0,-0.09,42.8,0,0,0,0
left,-1.0,0.18886025995016098,-1.0,-8888.0,0.46,1.14,0.0,0.46,42.8,0,0,0,0
left,-1.0,0.313536261965055,-1.0,-8888.0,0.58,0.98,0.0,0.58,42.8,0,0,0,0
left,-1.0,0.43824342999141663,-1.0,-8888.0,0.63,0.92,0.0,0.63,42.8,0,0,0,0
left,0.0,0.04381316096987575,0.0,-4210.0,0.0,0.0,0.0,0.0,43.0,4,1,0,0
