abort,case,fault,hall_bad,isr_max,kd,ki,kp,max_sample_diq_a,min_norm_erpm,motor,overshoot_pct,peak_current_a,peak_duty,peak_erpm,peak_iq_a,period_reject,qdrop,repeat,rise90_s,seq_reject,steady_erpm,steady_error_pct,steady_std,stop_reverse_erpm,target_erpm
,left_kp0.0095_ki0.022_kd0_+150_r1,0,0,4464,0.0,0.022,0.0095,0.21,0.0,left,0.0,0.25,0.059,0.0,0.25,12,0,1,,0,0.0,-100.0,0.0,0.0,150.0
,left_kp0.0095_ki0.022_kd0_-150_r1,0,0,4464,0.0,0.022,0.0095,0.26,-0.0,left,0.0,0.26,0.043,-0.0,0.26,12,0,1,,0,0.0,-100.0,0.0,0.0,-150.0
,left_kp0.0095_ki0.022_kd0_+150_r2,0,0,4464,0.0,0.022,0.0095,0.25,0.0,left,0.0,0.25,0.049,0.0,0.25,12,0,2,,0,0.0,-100.0,0.0,0.0,150.0
,left_kp0.0095_ki0.022_kd0_-150_r2,0,0,4464,0.0,0.022,0.0095,0.28,-0.0,left,0.0,0.28,0.046,-0.0,0.28,12,0,2,,0,0.0,-100.0,0.0,0.0,-150.0
,left_kp0.0095_ki0.022_kd0_+300_r1,0,0,4464,0.0,0.022,0.0095,0.14,0.0,left,19.333333333333332,0.28,0.079,358.0,0.28,12,0,1,0.7296095930505544,0,257.4,-14.200000000000006,13.275541420220872,0.0,300.0
,left_kp0.0095_ki0.022_kd0_-300_r1,0,0,4464,0.0,0.022,0.0095,0.14,-0.0,left,7.000000000000001,0.26,0.077,321.0,0.26,12,0,1,0.5980830130283721,0,180.2,-39.93333333333334,40.1018702805742,0.0,-300.0
,left_kp0.0095_ki0.022_kd0_+300_r2,0,0,4464,0.0,0.022,0.0095,0.17,0.0,left,0.0,0.26,0.07,277.0,0.26,12,0,2,0.795756841020193,0,248.4,-17.2,7.914543574963751,0.0,300.0
,left_kp0.0095_ki0.022_kd0_-300_r2,0,0,4464,0.0,0.022,0.0095,0.25,-0.0,left,39.666666666666664,0.39,0.083,419.0,0.39,13,0,2,0.8637467339867726,0,359.8,19.933333333333337,39.6050501830259,0.0,-300.0
,left_kp0.0095_ki0.022_kd0_+450_r1,0,0,4464,0.0,0.022,0.0095,0.13,0.0,left,0.0,0.34,0.084,438.0,0.33,13,0,1,0.5311273189727217,0,410.4,-8.800000000000004,10.669582934679312,0.0,450.0
,left_kp0.0095_ki0.022_kd0_-450_r1,0,0,4464,0.0,0.022,0.0095,0.15999999999999998,-0.0,left,0.0,0.33,0.088,446.0,0.32,13,0,1,0.5305005849804729,0,439.2,-2.4000000000000026,1.1661903789690602,0.0,-450.0
,left_kp0.0095_ki0.022_kd0_+450_r2,0,0,4464,0.0,0.022,0.0095,0.19,0.0,left,0.0,0.32,0.084,435.0,0.32,13,0,2,0.5974601859925315,0,411.4,-8.577777777777783,16.930445948054647,0.0,450.0
,left_kp0.0095_ki0.022_kd0_-450_r2,0,0,4464,0.0,0.022,0.0095,0.19999999999999998,-0.0,left,0.0,0.33,0.084,419.0,0.32,13,0,2,0.5305471020401455,0,405.2,-9.955555555555557,10.647065323364933,0.0,-450.0
,left_kp0.009_ki0.02_kd0_+150_r1,0,0,4464,0.0,0.02,0.009,0.21,0.0,left,0.0,0.22,0.058,0.0,0.21,14,0,1,,0,0.0,-100.0,0.0,0.0,150.0
,left_kp0.009_ki0.02_kd0_-150_r1,0,0,4464,0.0,0.02,0.009,0.2,-0.0,left,0.0,0.24,0.059,-0.0,0.24,15,0,1,,0,0.0,-100.0,0.0,0.0,-150.0
,left_kp0.009_ki0.02_kd0_+150_r2,0,0,4464,0.0,0.02,0.009,0.24,0.0,left,0.0,0.26,0.059,0.0,0.26,15,0,2,,0,0.0,-100.0,0.0,0.0,150.0
,left_kp0.009_ki0.02_kd0_-150_r2,0,0,4464,0.0,0.02,0.009,0.25,-0.0,left,0.0,0.25,0.044,-0.0,0.25,15,0,2,,0,0.0,-100.0,0.0,0.0,-150.0
,left_kp0.009_ki0.02_kd0_+300_r1,0,0,4464,0.0,0.02,0.009,0.17,0.0,left,17.333333333333336,0.25,0.076,352.0,0.25,16,0,1,0.7956839909893461,0,279.0,-7.000000000000001,29.50932056147684,0.0,300.0
,left_kp0.009_ki0.02_kd0_-300_r1,0,0,4464,0.0,0.02,0.009,0.19,-0.0,left,24.333333333333336,0.31,0.081,373.0,0.31,16,0,1,0.7955047499854118,0,257.2,-14.26666666666667,30.32754523531372,0.0,-300.0
,left_kp0.009_ki0.02_kd0_+300_r2,0,0,4464,0.0,0.02,0.009,0.16,0.0,left,21.333333333333336,0.36,0.079,364.0,0.36,16,0,2,0.7960836860002019,0,275.0,-8.333333333333332,32.93022927341989,0.0,300.0
,left_kp0.009_ki0.02_kd0_-300_r2,0,0,4464,0.0,0.02,0.009,0.18000000000000002,-0.0,left,46.666666666666664,0.33,0.087,440.0,0.33,16,0,2,0.9284576770151034,0,369.4,23.133333333333326,51.77876012420537,0.0,-300.0
,left_kp0.009_ki0.02_kd0_+450_r1,0,0,4464,0.0,0.02,0.009,0.12000000000000002,0.0,left,0.0,0.3,0.084,418.0,0.3,16,0,1,1.0606513950042427,0,405.0,-10.0,15.722595205626837,0.0,450.0
,left_kp0.009_ki0.02_kd0_-450_r1,0,0,4464,0.0,0.02,0.009,0.13999999999999999,-0.0,left,0.0,0.29,0.083,410.0,0.29,16,0,1,1.1293096980080009,0,391.2,-13.066666666666668,16.557777628655362,231.0,-450.0
,left_kp0.009_ki0.02_kd0_+450_r2,0,0,4464,0.0,0.02,0.009,0.15999999999999998,0.0,left,0.0,0.29,0.086,446.0,0.29,17,0,2,0.5975660819676705,0,405.6,-9.866666666666662,11.637869220780924,0.0,450.0
,left_kp0.009_ki0.02_kd0_-450_r2,0,0,4464,0.0,0.02,0.009,0.15,-0.0,left,0.0,0.35,0.085,427.0,0.35,17,0,2,0.597434516006615,0,399.6,-11.199999999999994,12.142487389328432,0.0,-450.0
,right_kp0.0095_ki0.022_kd0_+150_r1,0,0,4464,0.0,0.022,0.0095,0.25,0.0,right,0.0,0.26,0.065,0.0,0.25,12,0,1,,0,0.0,-100.0,0.0,0.0,150.0
,right_kp0.0095_ki0.022_kd0_-150_r1,0,0,4464,0.0,0.022,0.0095,0.26,-0.0,right,0.0,0.26,0.042,-0.0,0.26,12,0,1,,0,0.0,-100.0,0.0,0.0,-150.0
,right_kp0.0095_ki0.022_kd0_+150_r2,0,0,4464,0.0,0.022,0.0095,0.26,0.0,right,0.0,0.26,0.044,0.0,0.26,12,0,2,,0,0.0,-100.0,0.0,0.0,150.0
,right_kp0.0095_ki0.022_kd0_-150_r2,0,0,4464,0.0,0.022,0.0095,0.26,-0.0,right,0.0,0.26,0.045,-0.0,0.26,12,0,2,,0,0.0,-100.0,0.0,0.0,-150.0
,right_kp0.0095_ki0.022_kd0_+300_r1,0,0,4464,0.0,0.022,0.0095,0.13,0.0,right,30.0,0.27,0.08,390.0,0.27,12,0,1,0.7960565030225553,0,276.8,-7.73333333333333,23.26714421668461,0.0,300.0
,right_kp0.0095_ki0.022_kd0_-300_r1,0,0,4464,0.0,0.022,0.0095,0.13000000000000003,-0.0,right,23.666666666666668,0.34,0.08,371.0,0.34,13,0,1,0.7976050130091608,0,315.2,5.066666666666663,33.996470405028816,0.0,-300.0
,right_kp0.0095_ki0.022_kd0_+300_r2,0,0,4464,0.0,0.022,0.0095,0.13999999999999999,0.0,right,44.666666666666664,0.3,0.085,434.0,0.3,14,0,2,0.8633204360376112,0,358.4,19.46666666666666,52.67864842609385,0.0,300.0
,right_kp0.0095_ki0.022_kd0_-300_r2,0,0,4464,0.0,0.022,0.0095,0.16000000000000003,-0.0,right,22.0,0.34,0.079,366.0,0.34,15,0,2,0.7959265860263258,0,313.0,4.333333333333334,33.35865704730932,0.0,-300.0
,right_kp0.0095_ki0.022_kd0_+450_r1,0,0,4464,0.0,0.022,0.0095,0.22,0.0,right,0.0,0.38,0.085,414.0,0.38,15,0,1,1.127693316026125,0,397.4,-11.688888888888895,15.932357013323546,0.0,450.0
,right_kp0.0095_ki0.022_kd0_-450_r1,0,0,4464,0.0,0.022,0.0095,0.16999999999999998,-0.0,right,0.0,0.31,0.087,430.0,0.31,15,0,1,0.5976197890122421,0,399.2,-11.288888888888891,20.653329029480936,0.0,-450.0
,right_kp0.0095_ki0.022_kd0_+450_r2,0,0,4464,0.0,0.022,0.0095,0.17999999999999997,0.0,right,0.0,0.35,0.085,416.0,0.35,15,0,2,1.1269692619680427,0,398.4,-11.466666666666672,16.49969696691427,0.0,450.0
,right_kp0.0095_ki0.022_kd0_-450_r2,0,0,4464,0.0,0.022,0.0095,0.16999999999999998,-0.0,right,0.0,0.3,0.084,431.0,0.3,15,0,2,0.5309026709874161,0,401.4,-10.800000000000006,20.460694025374604,0.0,-450.0
,right_kp0.009_ki0.02_kd0_+150_r1,0,0,4464,0.0,0.02,0.009,0.24,0.0,right,0.0,0.24,0.044,0.0,0.24,15,0,1,,0,0.0,-100.0,0.0,23.0,150.0
,right_kp0.009_ki0.02_kd0_-150_r1,0,0,4464,0.0,0.02,0.009,0.24,-0.0,right,0.0,0.24,0.041,-0.0,0.24,15,0,1,,0,0.0,-100.0,0.0,0.0,-150.0
,right_kp0.009_ki0.02_kd0_+150_r2,0,0,4464,0.0,0.02,0.009,0.25,0.0,right,0.0,0.25,0.041,0.0,0.25,15,0,2,,0,0.0,-100.0,0.0,0.0,150.0
,right_kp0.009_ki0.02_kd0_-150_r2,0,0,4464,0.0,0.02,0.009,0.24,-0.0,right,0.0,0.24,0.041,-0.0,0.24,15,0,2,,0,0.0,-100.0,0.0,0.0,-150.0
,right_kp0.009_ki0.02_kd0_+300_r1,0,0,4464,0.0,0.02,0.009,0.15,0.0,right,55.333333333333336,0.36,0.087,466.0,0.36,16,0,1,0.9943835639860481,0,348.2,16.066666666666663,175.06044670341728,0.0,300.0
,right_kp0.009_ki0.02_kd0_-300_r1,0,0,4464,0.0,0.02,0.009,0.16,-0.0,right,0.0,0.26,0.07,280.0,0.26,16,0,1,0.7951087460387498,0,231.6,-22.8,15.43502510525979,0.0,-300.0
,right_kp0.009_ki0.02_kd0_+300_r2,0,0,4464,0.0,0.02,0.009,0.12,0.0,right,0.0,0.26,0.071,297.0,0.26,16,0,2,0.7955604990129359,0,241.6,-19.46666666666667,19.825236442474022,0.0,300.0
,right_kp0.009_ki0.02_kd0_-300_r2,0,0,4464,0.0,0.02,0.009,0.16,-0.0,right,0.0,0.26,0.07,253.0,0.26,16,0,2,,0,223.4,-25.53333333333333,11.77454882362802,0.0,-300.0
,right_kp0.009_ki0.02_kd0_+450_r1,0,0,4464,0.0,0.02,0.009,0.16,0.0,right,0.0,0.31,0.084,412.0,0.31,16,0,1,1.1941418380010873,0,388.0,-13.777777777777779,16.69730517179344,0.0,450.0
,right_kp0.009_ki0.02_kd0_-450_r1,0,0,4464,0.0,0.02,0.009,0.18000000000000002,-0.0,right,0.0,0.35,0.085,427.0,0.34,16,0,1,0.5969432650017552,0,400.6,-10.977777777777773,16.572265988693278,0.0,-450.0
,right_kp0.009_ki0.02_kd0_+450_r2,0,0,4464,0.0,0.02,0.009,0.15,0.0,right,0.0,0.35,0.085,413.0,0.35,16,0,2,1.1933083530166186,0,387.0,-14.000000000000002,17.92205345377588,0.0,450.0
,right_kp0.009_ki0.02_kd0_-450_r2,0,0,4464,0.0,0.02,0.009,0.18,-0.0,right,0.0,0.38,0.085,432.0,0.37,16,0,2,0.6634419649490155,0,409.2,-9.066666666666668,12.796874618437112,0.0,-450.0
