host_time,sample_index,firmware_seq,firmware_time_s,mode,mode_name,dq_reference,cmdL,cmdR,rpmL,rpmR,iqL_A,iqR_A,idL_A,idR_A,idcL_A,idcR_A,hallL,hallR,dcl_raw,rla_raw,rlb_raw,dcr_raw,rrb_raw,rrc_raw,battery_V,temperature_C,foc_isr_cycles,foc_isr_us,foc_isr_load_pct,encoder_position,position_target,position_speed_ref_rpm,encoder_elec_angle_deg,encoder_rpm,encoder_sync_state,encoder_sync_text,hw_profile,hw_profile_name,foc_isr_cycles_max,enabled,timeout,left_fault,right_fault,calibrating,calibration_pct
2026-08-30T17:12:10.623,0,1734,0.000000,2,FOC SPD,generated rotor dq,0,0,0,0,0.0000,-0.0100,0.4200,0.0400,0.0000,0.4200,101,100,1901,1969,1956,1938,1949,1935,42.650,35.90,3155,49.2969,78.875,0,0,0,0.0,0,0,idle,1,two_hall,3290,1,0,0,0,0,100.0
2026-08-30T17:12:10.643,1,1735,0.020000,2,FOC SPD,generated rotor dq,1,1,0,0,0.0000,-0.0200,0.3500,0.0400,0.0200,0.4600,101,100,1902,1939,1643,1938,1953,1939,42.650,35.90,3075,48.0469,76.875,0,0,0,0.0,0,0,idle,1,two_hall,3290,1,0,0,0,0,100.0
2026-08-30T17:12:10.664,2,1736,0.040000,2,FOC SPD,generated rotor dq,4,4,0,0,0.0000,-0.0100,0.4100,0.0300,-0.0600,0.3400,101,100,1900,1970,1970,1944,1950,1934,42.650,35.90,3113,48.6406,77.825,0,0,0,0.0,0,0,idle,1,two_hall,3290,1,0,0,0,0,100.0
2026-08-30T17:12:10.684,3,1737,0.060000,2,FOC SPD,generated rotor dq,6,6,0,0,0.0200,-0.0300,0.0600,0.0500,0.0000,0.3400,101,100,1900,1967,1958,1938,1951,1937,42.650,35.90,3160,49.3750,79.000,0,0,0,0.0,0,0,idle,1,two_hall,3290,1,0,0,0,0,100.0
2026-08-30T17:12:10.704,4,1738,0.080000,2,FOC SPD,generated rotor dq,7,7,0,0,0.0300,0.0000,0.3700,0.0200,0.0000,0.3400,101,100,1902,1964,1957,1940,1949,1936,42.650,35.90,3075,48.0469,76.875,0,0,0,0.0,0,0,idle,1,two_hall,3290,1,0,0,0,0,100.0
2026-08-30T17:12:10.725,5,1739,0.100000,2,FOC SPD,generated rotor dq,8,8,0,0,0.1400,0.1200,0.4400,-0.0400,0.0400,0.3600,101,100,1901,1958,1963,1939,1946,1928,42.650,35.90,3113,48.6406,77.825,0,0,0,0.0,0,0,idle,1,two_hall,3290,1,0,0,0,0,100.0
2026-08-30T17:12:10.745,6,1740,0.120000,2,FOC SPD,generated rotor dq,9,9,0,11,0.9000,0.2900,0.8800,-0.1800,0.0800,0.3400,101,101,1904,1915,2007,1940,1930,1936,42.650,35.90,3167,49.4844,79.175,0,0,0,0.0,0,0,idle,1,two_hall,3311,1,0,0,0,0,100.0
2026-08-30T17:12:10.765,7,1741,0.140000,2,FOC SPD,generated rotor dq,9,9,0,128,0.2400,8.4400,0.4200,4.3100,-0.0400,6.3600,100,110,1898,1945,1966,2237,2388,1780,42.650,35.90,3052,47.6875,76.300,0,0,0,0.0,0,0,idle,1,two_hall,3311,1,0,0,0,0,100.0
2026-08-30T17:12:10.786,8,1742,0.160000,2,FOC SPD,generated rotor dq,9,9,0,378,0.5200,2.3100,-0.3300,-0.3400,0.2600,3.5800,110,011,1914,1969,1912,2094,2005,1994,42.650,35.90,3132,48.9375,78.300,0,0,0,0.0,0,0,idle,1,two_hall,3355,1,0,0,0,0,100.0
2026-08-30T17:12:10.806,9,1743,0.180000,2,FOC SPD,generated rotor dq,9,9,138,419,8.5200,-0.8900,-3.0200,0.2700,6.2400,-1.9600,001,010,2214,2100,2300,1824,1934,1935,42.520,35.90,3020,47.1875,75.500,0,0,0,0.0,0,0,idle,1,two_hall,3389,1,0,0,0,0,100.0
2026-08-30T17:12:10.833,10,1744,0.200000,2,FOC SPD,generated rotor dq,9,9,273,329,8.7100,0.2600,-0.2700,0.3400,3.1000,0.2000,100,011,2055,1647,1962,1934,1948,1947,42.520,35.90,3072,48.0000,76.800,0,0,0,0.0,0,0,idle,1,two_hall,3484,1,0,0,0,0,100.0
2026-08-30T17:12:10.847,11,1745,0.220000,2,FOC SPD,generated rotor dq,9,9,352,356,3.1900,4.9600,-0.0700,0.4800,2.9000,1.2400,001,101,2047,1892,2076,1982,1910,1950,42.520,35.90,2994,46.7812,74.850,0,0,0,0.0,0,0,idle,1,two_hall,3492,1,0,0,0,0,100.0
2026-08-30T17:12:10.867,12,1746,0.240000,2,FOC SPD,generated rotor dq,9,9,374,371,2.2200,2.2700,-0.4300,0.8600,2.1800,1.5600,001,101,2010,1986,2042,2006,1955,1875,42.380,35.90,3217,50.2656,80.425,0,0,0,0.0,0,0,idle,1,two_hall,3492,1,0,0,0,0,100.0
2026-08-30T17:12:10.887,13,1747,0.260000,2,FOC SPD,generated rotor dq,9,9,449,436,1.7400,1.1100,0.7200,1.1900,1.8800,1.6000,001,101,1989,1967,2008,2002,1931,1915,42.380,35.90,2981,46.5781,74.525,0,0,0,0.0,0,0,idle,1,two_hall,3494,1,0,0,0,0,100.0
2026-08-30T17:12:10.908,14,1748,0.280000,2,FOC SPD,generated rotor dq,10,10,453,464,4.7900,2.7500,0.3300,1.4200,2.1600,2.9000,100,011,2011,1668,1968,2065,1894,2034,42.380,35.90,2986,46.6562,74.650,0,0,0,0.0,0,0,idle,1,two_hall,3494,1,0,0,0,0,100.0
2026-08-30T17:12:10.928,15,1749,0.300000,2,FOC SPD,generated rotor dq,10,10,496,515,2.1400,2.3800,-0.1100,0.1400,2.2800,1.8200,011,100,2013,2065,1916,2007,1979,1795,42.380,35.90,2974,46.4688,74.350,0,0,0,0.0,0,0,idle,1,two_hall,3608,1,0,0,0,0,100.0
2026-08-30T17:12:10.948,16,1750,0.320000,2,FOC SPD,generated rotor dq,10,10,514,497,1.1100,1.8400,-0.1700,0.1400,1.2200,2.6800,100,011,1964,1976,1919,2057,1988,1992,42.380,36.10,2991,46.7344,74.775,0,0,0,0.0,0,0,idle,1,two_hall,3608,1,0,0,0,0,100.0
2026-08-30T17:12:10.969,17,1751,0.340000,2,FOC SPD,generated rotor dq,10,10,533,541,1.2500,1.7000,-0.6600,-0.9400,0.9400,1.4800,101,001,1952,1901,2008,2001,1894,2012,42.380,36.10,3353,52.3906,83.825,0,0,0,0.0,0,0,idle,1,two_hall,3608,1,0,0,0,0,100.0
2026-08-30T17:12:10.989,18,1752,0.360000,2,FOC SPD,generated rotor dq,10,10,547,541,0.8400,1.1400,-0.3900,0.4200,0.7000,0.6800,001,100,1938,1980,1979,1958,1964,1891,42.380,36.10,2991,46.7344,74.775,0,0,0,0.0,0,0,idle,1,two_hall,3608,1,0,0,0,0,100.0
2026-08-30T17:12:11.009,19,1753,0.380000,2,FOC SPD,generated rotor dq,10,10,554,541,0.7700,0.7600,-0.1100,-0.5300,0.7200,0.8600,010,110,1937,2002,1965,1973,1979,1821,42.380,36.10,2982,46.5938,74.550,0,0,0,0.0,0,0,idle,1,two_hall,3608,1,0,0,0,0,100.0
2026-08-30T17:12:11.030,20,1754,0.400000,2,FOC SPD,generated rotor dq,10,10,547,541,0.6300,0.3200,0.1100,0.1300,0.6400,0.7200,110,011,1929,2001,1889,1961,1949,1949,42.380,36.10,2987,46.6719,74.675,0,0,0,0.0,0,0,idle,1,two_hall,3608,1,0,0,0,0,100.0
2026-08-30T17:12:11.050,21,1755,0.420000,2,FOC SPD,generated rotor dq,10,10,547,534,0.9300,0.4400,0.0000,-0.0100,0.9800,0.9000,100,001,1951,1861,1956,1962,1929,1940,42.380,36.10,2987,46.6719,74.675,0,0,0,0.0,0,0,idle,1,two_hall,3636,1,0,0,0,0,100.0
2026-08-30T17:12:11.070,22,1756,0.440000,2,FOC SPD,generated rotor dq,10,10,561,541,0.6800,1.4700,-0.1000,0.4600,0.4800,1.0000,101,100,1927,1939,1971,1977,1974,1844,42.380,36.10,2991,46.7344,74.775,0,0,0,0.0,0,0,idle,1,two_hall,3636,1,0,0,0,0,100.0
2026-08-30T17:12:11.091,23,1757,0.460000,2,FOC SPD,generated rotor dq,10,10,561,555,0.4500,0.2700,0.0100,-0.3100,0.4400,0.5000,001,110,1923,1973,1958,1951,1960,1796,42.380,36.10,3060,47.8125,76.500,0,0,0,0.0,0,0,idle,1,two_hall,3636,1,0,0,0,0,100.0
2026-08-30T17:12:11.111,24,1758,0.480000,2,FOC SPD,generated rotor dq,10,10,561,555,0.1900,-0.0600,-0.2500,1.4000,0.3000,0.8000,011,010,1917,1976,1967,1959,1883,2004,42.380,36.10,2991,46.7344,74.775,0,0,0,0.0,0,0,idle,1,two_hall,3636,1,0,0,0,0,100.0
2026-08-30T17:12:11.131,25,1759,0.500000,2,FOC SPD,generated rotor dq,10,10,554,547,0.2200,0.2300,-0.4200,0.4100,0.4600,0.7200,110,001,1923,1984,1953,1955,1952,1938,42.380,36.10,3088,48.2500,77.200,0,0,0,0.0,0,0,idle,1,two_hall,3636,1,0,0,0,0,100.0
2026-08-30T17:12:11.152,26,1760,0.520000,2,FOC SPD,generated rotor dq,10,10,554,547,1.3700,0.5400,0.4800,0.0400,0.9800,0.6800,100,101,1947,1933,1965,1955,1910,1935,42.380,36.10,2981,46.5781,74.525,0,0,0,0.0,0,0,idle,1,two_hall,3636,1,0,0,0,0,100.0
2026-08-30T17:12:11.172,27,1761,0.540000,2,FOC SPD,generated rotor dq,10,10,554,541,0.6100,1.3000,0.2500,-0.3600,0.3800,1.3800,101,110,1920,1954,1967,1994,1995,1911,42.380,36.10,3217,50.2656,80.425,0,0,0,0.0,0,0,idle,1,two_hall,3636,1,0,0,0,0,100.0
2026-08-30T17:12:11.192,28,1762,0.560000,2,FOC SPD,generated rotor dq,10,10,547,547,0.7400,0.3500,0.0000,-0.1500,0.5200,0.9000,001,010,1926,1967,1964,1960,1968,1915,42.380,36.10,2979,46.5469,74.475,0,0,0,0.0,0,0,idle,1,two_hall,3636,1,0,0,0,0,100.0
2026-08-30T17:12:11.213,29,1763,0.580000,2,FOC SPD,generated rotor dq,10,10,540,534,0.5600,0.6400,-0.2200,0.4800,0.5800,1.0800,011,001,1930,1998,1951,1976,1941,1955,42.380,36.10,3217,50.2656,80.425,0,0,0,0.0,0,0,idle,1,two_hall,3636,1,0,0,0,0,100.0
2026-08-30T17:12:11.233,30,1764,0.600000,2,FOC SPD,generated rotor dq,10,10,547,541,0.6900,0.6500,-0.1700,0.1500,0.8200,0.8000,110,101,1938,1968,1940,1966,1908,1938,42.380,36.10,2981,46.5781,74.525,0,0,0,0.0,0,0,idle,1,two_hall,3636,1,0,0,0,0,100.0
2026-08-30T17:12:11.256,31,1765,0.620000,2,FOC SPD,generated rotor dq,10,10,547,534,1.1200,1.4000,0.4200,-1.0000,0.7600,1.1600,100,110,1941,1881,1977,1987,1981,1877,42.380,36.10,3072,48.0000,76.800,0,0,0,0.0,0,0,idle,1,two_hall,3636,1,0,0,0,0,100.0
2026-08-30T17:12:11.274,32,1766,0.640000,2,FOC SPD,generated rotor dq,10,10,561,534,1.0600,0.4900,-0.5000,-0.0500,0.5800,1.0400,101,010,1930,1881,1969,1977,1965,1945,42.380,36.10,3134,48.9688,78.350,0,0,0,0.0,0,0,idle,1,two_hall,3636,1,0,0,0,0,100.0
2026-08-30T17:12:11.294,33,1767,0.660000,2,FOC SPD,generated rotor dq,10,10,547,541,0.9100,1.8100,-0.3600,0.1800,0.6600,1.6400,001,001,1933,1985,1976,2009,1863,1998,42.380,36.10,2986,46.6562,74.650,0,0,0,0.0,0,0,idle,1,two_hall,3636,1,0,0,0,0,100.0
2026-08-30T17:12:11.315,34,1768,0.680000,2,FOC SPD,generated rotor dq,10,10,554,547,0.7100,0.5600,1.0300,0.3200,0.7000,0.8400,011,101,1933,1979,1917,1962,1948,1934,42.380,36.10,2990,46.7188,74.750,0,0,0,0.0,0,0,idle,1,two_hall,3636,1,0,0,0,0,100.0
2026-08-30T17:12:11.335,35,1769,0.700000,2,FOC SPD,generated rotor dq,10,10,547,534,0.5300,0.7400,-0.0600,-0.4400,0.6200,0.7600,110,110,1933,1959,1946,1967,1974,1852,42.380,36.10,3072,48.0000,76.800,0,0,0,0.0,0,0,idle,1,two_hall,3636,1,0,0,0,0,100.0
2026-08-30T17:12:11.355,36,1770,0.720000,2,FOC SPD,generated rotor dq,10,10,554,547,0.8400,0.3700,0.3500,0.0700,0.5600,0.9400,100,010,1928,1938,1956,1967,1940,1932,42.380,36.10,2991,46.7344,74.775,0,0,0,0.0,0,0,idle,1,two_hall,3636,1,0,0,0,0,100.0
2026-08-30T17:12:11.376,37,1771,0.740000,2,FOC SPD,generated rotor dq,10,10,554,534,0.8200,0.6100,-0.3800,0.4100,0.6000,0.9200,101,001,1929,1904,1964,1971,1881,1944,42.380,36.10,2982,46.5938,74.550,0,0,0,0.0,0,0,idle,1,two_hall,3636,1,0,0,0,0,100.0
2026-08-30T17:12:11.396,38,1772,0.760000,2,FOC SPD,generated rotor dq,10,10,554,547,0.8400,0.4500,0.0700,-0.2400,0.6200,1.0200,001,101,1929,1984,1956,1965,1905,1955,42.380,36.10,2975,46.4844,74.375,0,0,0,0.0,0,0,idle,1,two_hall,3636,1,0,0,0,0,100.0
2026-08-30T17:12:11.416,39,1773,0.780000,2,FOC SPD,generated rotor dq,10,10,554,547,0.4700,0.7400,-0.1800,-0.6300,0.4400,0.8600,011,110,1923,1975,1967,1964,1946,1913,42.380,36.30,2991,46.7344,74.775,0,0,0,0.0,0,0,idle,1,two_hall,3636,1,0,0,0,0,100.0
2026-08-30T17:12:11.437,40,1774,0.800000,2,FOC SPD,generated rotor dq,10,10,561,547,0.3000,0.3000,-0.4200,0.2900,0.6800,0.9200,010,010,1932,2008,1884,1958,1959,1941,42.380,36.30,2973,46.4531,74.325,0,0,0,0.0,0,0,idle,1,two_hall,3636,1,0,0,0,0,100.0
2026-08-30T17:12:11.457,41,1775,0.820000,2,FOC SPD,generated rotor dq,10,10,554,541,0.2500,0.2800,0.4100,0.2500,0.7000,0.8000,110,001,1931,1974,1950,1960,1958,1954,42.380,36.30,3218,50.2812,80.450,0,0,0,0.0,0,0,idle,1,two_hall,3636,1,0,0,0,0,100.0
2026-08-30T17:12:11.477,42,1776,0.840000,2,FOC SPD,generated rotor dq,10,10,554,541,0.9100,1.0800,-0.3600,0.0000,0.7600,0.7000,100,101,1941,1925,1956,1961,1876,1946,42.380,36.30,2980,46.5625,74.500,0,0,0,0.0,0,0,idle,1,two_hall,3636,1,0,0,0,0,100.0
2026-08-30T17:12:11.498,43,1777,0.860000,2,FOC SPD,generated rotor dq,10,10,561,541,0.7000,0.6300,-0.0700,-0.4400,0.5200,0.8400,101,110,1927,1943,1978,1965,1949,1919,42.380,36.30,3071,47.9844,76.775,0,0,0,0.0,0,0,idle,1,two_hall,3636,1,0,0,0,0,100.0
2026-08-30T17:12:11.518,44,1778,0.880000,2,FOC SPD,generated rotor dq,10,10,554,555,0.6000,0.5400,-0.3300,-0.2400,0.5200,1.2400,001,010,1923,1970,1972,1979,1982,1910,42.380,36.30,2979,46.5469,74.475,0,0,0,0.0,0,0,idle,1,two_hall,3636,1,0,0,0,0,100.0
2026-08-30T17:12:11.538,45,1779,0.900000,2,FOC SPD,generated rotor dq,10,10,554,541,0.8600,0.5600,0.3400,0.2900,0.5400,1.0000,010,011,1930,2005,1937,1972,1944,1950,42.380,36.30,3217,50.2656,80.425,0,0,0,0.0,0,0,idle,1,two_hall,3636,1,0,0,0,0,100.0
2026-08-30T17:12:11.559,46,1780,0.920000,2,FOC SPD,generated rotor dq,10,10,547,547,0.9400,1.2800,-0.2600,-0.0600,0.8200,0.8000,110,101,1941,1982,1864,1955,1884,1961,42.380,36.30,2975,46.4844,74.375,0,0,0,0.0,0,0,idle,1,two_hall,3636,1,0,0,0,0,100.0
2026-08-30T17:12:11.579,47,1781,0.940000,2,FOC SPD,generated rotor dq,10,10,554,534,0.7400,1.0500,-0.0700,-0.2600,0.8000,1.1800,100,110,1936,1930,1973,1976,1976,1908,42.380,36.30,3072,48.0000,76.800,0,0,0,0.0,0,0,idle,1,two_hall,3636,1,0,0,0,0,100.0
2026-08-30T17:12:11.599,48,1782,0.960000,2,FOC SPD,generated rotor dq,10,10,554,541,0.7700,0.3200,0.4300,0.0200,0.6400,0.8800,101,010,1929,1968,1976,1963,1967,1926,42.380,36.30,2979,46.5469,74.475,0,0,0,0.0,0,0,idle,1,two_hall,3636,1,0,0,0,0,100.0
2026-08-30T17:12:11.620,49,1783,0.980000,2,FOC SPD,generated rotor dq,10,10,554,534,0.7600,1.1600,-0.6300,0.9100,0.5600,1.5200,011,001,1928,1967,1999,1992,1911,1955,42.380,36.30,3072,48.0000,76.800,0,0,0,0.0,0,0,idle,1,two_hall,3636,1,0,0,0,0,100.0
2026-08-30T17:12:11.640,50,1784,1.000000,2,FOC SPD,generated rotor dq,10,10,540,547,0.7400,0.5300,0.5700,0.0000,0.5200,0.6000,010,101,1929,1980,1919,1959,1886,1951,42.380,36.30,2982,46.5938,74.550,0,0,0,0.0,0,0,idle,1,two_hall,3636,1,0,0,0,0,100.0
2026-08-30T17:12:11.660,51,1785,1.020000,2,FOC SPD,generated rotor dq,10,10,547,541,0.6100,0.9400,-0.1100,-0.6400,0.6000,0.9400,110,110,1933,1976,1890,1975,1961,1921,42.380,36.30,3066,47.9062,76.650,0,0,0,0.0,0,0,idle,1,two_hall,3636,1,0,0,0,0,100.0
2026-08-30T17:12:11.687,52,1786,1.040000,2,FOC SPD,generated rotor dq,10,10,554,541,0.7000,0.0600,0.1700,0.9300,0.7000,0.6000,100,010,1937,1887,1980,1957,1946,1956,42.360,36.30,2973,46.4531,74.325,0,0,0,0.0,0,0,idle,1,two_hall,3636,1,0,0,0,0,100.0
2026-08-30T17:12:11.701,53,1787,1.060000,2,FOC SPD,generated rotor dq,10,10,554,541,0.7500,1.2300,0.4600,1.3200,0.5600,1.2000,101,001,1928,1959,1981,1981,1939,1963,42.360,36.30,3072,48.0000,76.800,0,0,0,0.0,0,0,idle,1,two_hall,3636,1,0,0,0,0,100.0
2026-08-30T17:12:11.721,54,1788,1.080000,2,FOC SPD,generated rotor dq,10,10,554,541,0.6300,1.1800,-0.1700,-0.4500,0.6400,1.2000,001,101,1931,1988,1950,1975,1848,1956,42.360,36.30,2981,46.5781,74.525,0,0,0,0.0,0,0,idle,1,two_hall,3636,1,0,0,0,0,100.0
2026-08-30T17:12:11.742,55,1789,1.100000,2,FOC SPD,generated rotor dq,10,10,540,541,0.4600,1.1100,0.4300,-0.6200,0.4000,1.2200,010,110,1921,1978,1934,1983,1967,1913,42.360,36.30,3072,48.0000,76.800,0,0,0,0.0,0,0,idle,1,two_hall,3636,1,0,0,0,0,100.0
2026-08-30T17:12:11.762,56,1790,1.120000,2,FOC SPD,generated rotor dq,10,10,547,547,-2.8800,0.4100,1.4200,-0.0500,0.7800,0.7200,110,010,1937,1977,1916,1961,1957,1911,42.360,36.30,2980,46.5625,74.500,0,0,0,0.0,0,0,idle,1,two_hall,3636,1,0,0,0,0,100.0
2026-08-30T17:12:11.782,57,1791,1.140000,2,FOC SPD,generated rotor dq,10,10,554,541,0.8000,0.6600,0.1300,1.0000,0.6200,0.8000,100,001,1931,1877,1945,1960,1938,1950,42.360,36.30,2987,46.6719,74.675,0,0,0,0.0,0,0,idle,1,two_hall,3636,1,0,0,0,0,100.0
2026-08-30T17:12:11.803,58,1792,1.160000,2,FOC SPD,generated rotor dq,10,10,554,541,0.7000,0.6300,0.0200,-0.1600,0.5800,0.8400,101,101,1930,1908,1969,1969,1889,1948,42.380,36.30,2975,46.4844,74.375,0,0,0,0.0,0,0,idle,1,two_hall,3636,1,0,0,0,0,100.0
2026-08-30T17:12:11.823,59,1793,1.180000,2,FOC SPD,generated rotor dq,10,10,554,534,0.7100,0.4900,0.0700,-0.1900,0.7800,0.6000,001,100,1938,1984,1968,1956,1963,1925,42.380,36.30,3134,48.9688,78.350,0,0,0,0.0,0,0,idle,1,two_hall,3636,1,0,0,0,0,100.0
2026-08-30T17:12:11.843,60,1794,1.200000,2,FOC SPD,generated rotor dq,10,10,554,547,0.5300,0.8100,0.4000,-0.3600,0.4800,1.2400,011,010,1923,1978,1954,1986,1996,1904,42.380,36.30,2982,46.5938,74.550,0,0,0,0.0,0,0,idle,1,two_hall,3636,1,0,0,0,0,100.0
2026-08-30T17:12:11.864,61,1795,1.220000,2,FOC SPD,generated rotor dq,10,10,547,541,0.3900,0.5900,-0.2300,0.1500,0.6000,1.0200,110,001,1931,1985,1950,1972,1942,1952,42.380,36.30,3150,49.2188,78.750,0,0,0,0.0,0,0,idle,1,two_hall,3636,1,0,0,0,0,100.0
2026-08-30T17:12:11.884,62,1796,1.240000,2,FOC SPD,generated rotor dq,10,10,554,547,1.6900,0.9500,-0.0500,0.1800,1.1800,0.8000,100,101,1961,1941,1912,1955,1867,1971,42.380,36.30,2992,46.7500,74.800,0,0,0,0.0,0,0,idle,1,two_hall,3636,1,0,0,0,0,100.0
2026-08-30T17:12:11.904,63,1797,1.260000,2,FOC SPD,generated rotor dq,10,10,554,541,0.8400,0.8400,0.2100,-0.6700,0.4800,0.8800,101,110,1925,1913,1957,1962,1951,1917,42.380,36.30,3072,48.0000,76.800,0,0,0,0.0,0,0,idle,1,two_hall,3636,1,0,0,0,0,100.0
2026-08-30T17:12:11.925,64,1798,1.280000,2,FOC SPD,generated rotor dq,10,10,547,541,0.8200,0.3000,-0.1600,0.0600,0.6400,0.8200,001,010,1930,1988,1964,1960,1964,1928,42.360,36.30,2973,46.4531,74.325,0,0,0,0.0,0,0,idle,1,two_hall,3636,1,0,0,0,0,100.0
2026-08-30T17:12:11.945,65,1799,1.300000,2,FOC SPD,generated rotor dq,10,10,554,534,0.1400,0.7000,0.4400,0.6500,0.3800,0.9600,011,001,1925,1973,1968,1971,1932,1952,42.360,36.30,2985,46.6406,74.625,0,0,0,0.0,0,0,idle,1,two_hall,3636,1,0,0,0,0,100.0
2026-08-30T17:12:11.965,66,1800,1.320000,2,FOC SPD,generated rotor dq,10,10,547,547,0.2000,0.3900,-0.4100,-0.0400,0.5200,0.8400,010,101,1929,2013,2272,1967,1653,1950,42.360,36.30,2980,46.5625,74.500,0,0,0,0.0,0,0,idle,1,two_hall,3636,1,0,0,0,0,100.0
2026-08-30T17:12:11.986,67,1801,1.340000,2,FOC SPD,generated rotor dq,10,10,547,541,0.5100,0.9600,0.1900,-0.7300,0.6400,1.0200,100,110,1930,1969,1934,1961,1953,1919,42.360,36.30,3072,48.0000,76.800,0,0,0,0.0,0,0,idle,1,two_hall,3636,1,0,0,0,0,100.0
2026-08-30T17:12:12.006,68,1802,1.360000,2,FOC SPD,generated rotor dq,10,10,554,547,1.0600,0.2500,-0.5700,0.1000,0.6400,0.6800,101,010,1933,1928,1966,1960,1962,1932,42.360,36.30,2979,46.5469,74.475,0,0,0,0.0,0,0,idle,1,two_hall,3636,1,0,0,0,0,100.0
2026-08-30T17:12:12.026,69,1803,1.380000,2,FOC SPD,generated rotor dq,10,10,554,534,0.7800,0.5200,0.1500,0.6300,0.6800,0.8000,001,001,1935,1981,1975,1967,1935,1943,42.360,36.30,3072,48.0000,76.800,0,0,0,0.0,0,0,idle,1,two_hall,3636,1,0,0,0,0,100.0
2026-08-30T17:12:12.047,70,1804,1.400000,2,FOC SPD,generated rotor dq,10,10,547,541,0.3800,0.5300,0.0400,0.1900,0.7800,0.9600,011,101,1937,1996,1945,1961,1945,1938,42.380,36.30,2987,46.6719,74.675,0,0,0,0.0,0,0,idle,1,two_hall,3641,1,0,0,0,0,100.0
2026-08-30T17:12:12.067,71,1805,1.420000,2,FOC SPD,generated rotor dq,10,10,547,534,0.1000,1.7200,-0.1300,-1.1100,0.3800,1.4800,010,110,1920,1994,1892,1994,1993,1907,42.380,36.30,2985,46.6406,74.625,0,0,0,0.0,0,0,idle,1,two_hall,3641,1,0,0,0,0,100.0
2026-08-30T17:12:12.088,72,1806,1.440000,2,FOC SPD,generated rotor dq,10,10,547,547,0.4600,0.3700,0.6400,0.4400,0.6200,1.1400,110,010,1932,1942,1965,1977,1952,1945,42.380,36.30,3123,48.7969,78.075,0,0,0,0.0,0,0,idle,1,two_hall,3641,1,0,0,0,0,100.0
2026-08-30T17:12:12.108,73,1807,1.460000,2,FOC SPD,generated rotor dq,10,10,554,541,0.7700,1.2200,-0.1100,0.4100,0.6400,1.5200,101,001,1930,1949,1967,1996,1924,1973,42.380,36.30,3072,48.0000,76.800,0,0,0,0.0,0,0,idle,1,two_hall,3641,1,0,0,0,0,100.0
2026-08-30T17:12:12.128,74,1808,1.480000,2,FOC SPD,generated rotor dq,10,10,554,541,1.0500,-2.1000,0.1900,1.4200,0.8000,0.7400,001,101,1940,1970,1979,1963,2979,1898,42.360,36.30,2981,46.5781,74.525,0,0,0,0.0,0,0,idle,1,two_hall,3641,1,0,0,0,0,100.0
2026-08-30T17:12:12.148,75,1809,1.500000,2,FOC SPD,generated rotor dq,10,10,554,534,0.5400,1.0900,-0.4700,-0.4400,0.5800,1.1200,011,110,1929,1977,1968,1973,1995,1874,42.360,36.30,3066,47.9062,76.650,0,0,0,0.0,0,0,idle,1,two_hall,3641,1,0,0,0,0,100.0
2026-08-30T17:12:12.169,76,1810,1.520000,2,FOC SPD,generated rotor dq,10,10,547,547,0.2200,0.5600,-0.4400,-0.2400,0.5200,1.0800,010,010,1925,1994,1898,1975,1985,1927,42.360,36.30,2986,46.6562,74.650,0,0,0,0.0,0,0,idle,1,two_hall,3641,1,0,0,0,0,100.0
2026-08-30T17:12:12.189,77,1811,1.540000,2,FOC SPD,generated rotor dq,10,10,540,541,0.5200,1.0100,0.6100,0.9600,0.7000,1.0800,110,001,1933,1945,1966,1977,1926,1946,42.360,36.30,3072,48.0000,76.800,0,0,0,0.0,0,0,idle,1,two_hall,3641,1,0,0,0,0,100.0
2026-08-30T17:12:12.209,78,1812,1.560000,2,FOC SPD,generated rotor dq,10,10,554,547,0.6400,0.3500,0.1500,0.0900,0.5400,0.7600,100,101,1928,1951,1956,1955,1864,1950,42.360,36.30,2981,46.5781,74.525,0,0,0,0.0,0,0,idle,1,two_hall,3641,1,0,0,0,0,100.0
2026-08-30T17:12:12.230,79,1813,1.580000,2,FOC SPD,generated rotor dq,10,10,554,541,0.7500,0.7100,-0.0100,-0.6100,0.6200,0.7800,001,110,1926,1958,1982,1958,1953,1919,42.360,36.30,3072,48.0000,76.800,0,0,0,0.0,0,0,idle,1,two_hall,3641,1,0,0,0,0,100.0
2026-08-30T17:12:12.250,80,1814,1.600000,2,FOC SPD,generated rotor dq,10,10,554,541,0.6600,0.4900,-0.6400,0.0000,0.6200,0.7800,011,010,1935,1981,1979,1969,1960,1949,42.360,36.30,2979,46.5469,74.475,0,0,0,0.0,0,0,idle,1,two_hall,3641,1,0,0,0,0,100.0
2026-08-30T17:12:12.270,81,1815,1.620000,2,FOC SPD,generated rotor dq,10,10,547,541,0.6000,0.6500,0.5200,0.0300,0.5000,0.9400,010,001,1925,1992,1856,1968,1935,1972,42.360,36.30,2987,46.6719,74.675,0,0,0,0.0,0,0,idle,1,two_hall,3641,1,0,0,0,0,100.0
2026-08-30T17:12:12.291,82,1816,1.640000,2,FOC SPD,generated rotor dq,10,10,554,547,0.2300,0.5100,0.4300,-0.3000,0.5800,0.8000,110,101,1927,1981,1906,1963,1868,1966,42.360,36.30,2975,46.4844,74.375,0,0,0,0.0,0,0,idle,1,two_hall,3641,1,0,0,0,0,100.0
2026-08-30T17:12:12.311,83,1817,1.660000,2,FOC SPD,generated rotor dq,10,10,547,541,0.8600,0.7900,-0.2000,-0.5700,0.8400,0.9000,100,110,1942,1923,1961,1964,1946,1919,42.360,36.30,3071,47.9844,76.775,0,0,0,0.0,0,0,idle,1,two_hall,3641,1,0,0,0,0,100.0
2026-08-30T17:12:12.331,84,1818,1.680000,2,FOC SPD,generated rotor dq,10,10,554,547,0.8600,0.1600,-0.2000,0.5900,0.6400,0.7000,001,010,1934,1950,2155,1963,1948,1940,42.360,36.30,2979,46.5469,74.475,0,0,0,0.0,0,0,idle,1,two_hall,3641,1,0,0,0,0,100.0
2026-08-30T17:12:12.352,85,1819,1.700000,2,FOC SPD,generated rotor dq,10,10,554,541,0.8300,0.5600,-0.6400,0.2600,0.7800,0.9600,011,001,1940,1982,1992,1970,1943,1953,42.360,36.30,3072,48.0000,76.800,0,0,0,0.0,0,0,idle,1,two_hall,3641,1,0,0,0,0,100.0
2026-08-30T17:12:12.372,86,1820,1.720000,2,FOC SPD,generated rotor dq,10,10,554,541,0.5800,0.3400,-0.1900,0.1200,0.5400,0.7600,010,101,1930,2003,1909,1956,1900,1935,42.360,36.30,2982,46.5938,74.550,0,0,0,0.0,0,0,idle,1,two_hall,3641,1,0,0,0,0,100.0
2026-08-30T17:12:12.392,87,1821,1.740000,2,FOC SPD,generated rotor dq,10,10,547,541,0.3200,1.8400,0.3000,-0.8400,0.4400,1.8400,110,110,1922,1986,1888,2005,1997,1899,42.360,36.30,2992,46.7500,74.800,0,0,0,0.0,0,0,idle,1,two_hall,3641,1,0,0,0,0,100.0
2026-08-30T17:12:12.413,88,1822,1.760000,2,FOC SPD,generated rotor dq,10,10,547,547,0.7900,0.3000,0.0600,-0.1500,0.8600,0.8400,100,010,1947,1853,1972,1969,1972,1922,42.360,36.30,2980,46.5625,74.500,0,0,0,0.0,0,0,idle,1,two_hall,3641,1,0,0,0,0,100.0
2026-08-30T17:12:12.433,89,1823,1.780000,2,FOC SPD,generated rotor dq,10,10,561,541,0.8100,0.4100,-0.1000,0.0800,0.6200,0.9200,101,001,1928,1906,1983,1968,1961,1966,42.380,36.30,2991,46.7344,74.775,0,0,0,0.0,0,0,idle,1,two_hall,3641,1,0,0,0,0,100.0
2026-08-30T17:12:12.453,90,1824,1.800000,2,FOC SPD,generated rotor dq,10,10,554,547,0.8600,-4.5100,-0.4500,1.2300,0.7400,0.7400,001,101,1935,1970,1986,1961,1910,1935,42.380,36.30,3205,50.0781,80.125,0,0,0,0.0,0,0,idle,1,two_hall,3641,1,0,0,0,0,100.0
2026-08-30T17:12:12.474,91,1825,1.820000,2,FOC SPD,generated rotor dq,10,10,561,541,0.3700,0.7700,-0.2000,-0.4200,0.4200,0.8000,010,110,1924,1983,1968,1970,1962,1919,42.380,36.30,2991,46.7344,74.775,0,0,0,0.0,0,0,idle,1,two_hall,3641,1,0,0,0,0,100.0
2026-08-30T17:12:12.494,92,1826,1.840000,2,FOC SPD,generated rotor dq,10,10,554,541,0.6700,0.7900,-0.2800,-0.2900,0.7400,1.2200,110,010,1937,1966,1948,1982,1984,1928,42.380,36.30,2980,46.5625,74.500,0,0,0,0.0,0,0,idle,1,two_hall,3641,1,0,0,0,0,100.0
2026-08-30T17:12:12.514,93,1827,1.860000,2,FOC SPD,generated rotor dq,10,10,554,541,0.7300,1.1000,0.3900,0.3200,0.4200,1.4000,100,001,1923,1913,1670,1987,1956,1974,42.380,36.30,2991,46.7344,74.775,0,0,0,0.0,0,0,idle,1,two_hall,3641,1,0,0,0,0,100.0
2026-08-30T17:12:12.535,94,1828,1.880000,2,FOC SPD,generated rotor dq,10,10,554,555,-1.6900,0.2900,6.7800,0.2700,0.5400,0.7600,101,101,1925,1901,1951,1963,1922,1980,42.380,36.30,2991,46.7344,74.775,0,0,0,0.0,0,0,idle,1,two_hall,3641,1,0,0,0,0,100.0
2026-08-30T17:12:12.555,95,1829,1.900000,2,FOC SPD,generated rotor dq,10,10,554,527,1.1300,0.6600,-0.2900,-0.1900,0.5600,0.9200,001,100,1926,1974,1978,1969,1970,1924,42.380,36.30,3138,49.0312,78.450,0,0,0,0.0,0,0,idle,1,two_hall,3641,1,0,0,0,0,100.0
2026-08-30T17:12:12.575,96,1830,1.920000,2,FOC SPD,generated rotor dq,10,10,554,547,0.4600,0.2700,-0.2500,0.0700,0.5400,0.8200,011,010,1927,1982,1970,1961,1961,1923,42.380,36.30,3071,47.9844,76.775,0,0,0,0.0,0,0,idle,1,two_hall,3641,1,0,0,0,0,100.0
2026-08-30T17:12:12.596,97,1831,1.940000,2,FOC SPD,generated rotor dq,10,10,554,541,0.1900,0.5800,-0.3600,0.3200,0.5400,1.1400,010,011,1926,1987,1951,1976,1936,1956,42.380,36.30,3470,54.2188,86.750,0,0,0,0.0,0,0,idle,1,two_hall,3641,1,0,0,0,0,100.0
2026-08-30T17:12:12.616,98,1832,1.960000,2,FOC SPD,generated rotor dq,10,10,554,541,0.6400,0.9400,0.6800,-0.5000,0.6400,1.3200,100,101,1927,1943,1976,1989,1876,1956,42.360,36.30,2991,46.7344,74.775,0,0,0,0.0,0,0,idle,1,two_hall,3641,1,0,0,0,0,100.0
2026-08-30T17:12:12.636,99,1833,1.980000,2,FOC SPD,generated rotor dq,10,10,554,541,0.9100,0.8000,-0.0600,-0.3700,0.5800,1.1200,101,100,1929,1931,1962,1977,1961,1917,42.360,36.30,2994,46.7812,74.850,0,0,0,0.0,0,0,idle,1,two_hall,3641,1,0,0,0,0,100.0
2026-08-30T17:12:12.657,100,1834,2.000000,2,FOC SPD,generated rotor dq,10,10,554,547,0.7600,0.3500,-0.0100,-0.0400,0.5600,0.7600,001,010,1929,1970,1982,1965,1989,1894,42.360,36.30,2991,46.7344,74.775,0,0,0,0.0,0,0,idle,1,two_hall,3641,1,0,0,0,0,100.0
2026-08-30T17:12:12.677,101,1835,2.020000,2,FOC SPD,generated rotor dq,10,10,547,534,0.6700,0.5000,-0.5400,-0.1500,0.6600,1.0200,011,011,1936,1994,1948,1972,1935,1963,42.380,36.30,2987,46.6719,74.675,0,0,0,0.0,0,0,idle,1,two_hall,3641,1,0,0,0,0,100.0
2026-08-30T17:12:12.697,102,1836,2.040000,2,FOC SPD,generated rotor dq,10,10,554,541,0.2600,0.9100,-0.0300,-0.1200,0.5400,0.7200,010,101,1928,1992,1921,1964,1932,1959,42.380,36.30,2986,46.6562,74.650,0,0,0,0.0,0,0,idle,1,two_hall,3641,1,0,0,0,0,100.0
2026-08-30T17:12:12.718,103,1837,2.060000,2,FOC SPD,generated rotor dq,10,10,547,541,0.1900,0.5600,0.6100,-0.2200,0.5600,0.9200,110,100,1928,1959,1955,1967,1951,1878,42.380,36.30,3326,51.9688,83.150,0,0,0,0.0,0,0,idle,1,two_hall,3641,1,0,0,0,0,100.0
2026-08-30T17:12:12.739,104,1838,2.080000,2,FOC SPD,generated rotor dq,10,10,554,547,0.6800,0.5400,0.1400,-0.3700,0.5400,1.0600,101,010,1928,1947,1961,1973,1988,1898,42.360,36.50,3072,48.0000,76.800,0,0,0,0.0,0,0,idle,1,two_hall,3641,1,0,0,0,0,100.0
2026-08-30T17:12:12.759,105,1839,2.100000,2,FOC SPD,generated rotor dq,10,10,547,541,0.7400,0.6300,0.2000,0.0700,0.6200,1.0800,001,011,1930,1964,1970,1977,1956,1949,42.360,36.50,2979,46.5469,74.475,0,0,0,0.0,0,0,idle,1,two_hall,3641,1,0,0,0,0,100.0
2026-08-30T17:12:12.779,106,1840,2.120000,2,FOC SPD,generated rotor dq,10,10,547,547,0.7500,0.5700,-0.4200,-0.1200,0.7200,0.7400,011,101,1938,1996,1945,1956,1936,1955,42.360,36.50,3066,47.9062,76.650,0,0,0,0.0,0,0,idle,1,two_hall,3641,1,0,0,0,0,100.0
2026-08-30T17:12:12.799,107,1841,2.140000,2,FOC SPD,generated rotor dq,10,10,561,541,0.4200,0.7900,-0.1600,0.4900,0.5400,0.8200,010,100,1928,2008,1900,1955,1967,1871,42.360,36.50,2974,46.4688,74.350,0,0,0,0.0,0,0,idle,1,two_hall,3641,1,0,0,0,0,100.0
2026-08-30T17:12:12.820,108,1842,2.160000,2,FOC SPD,generated rotor dq,10,10,554,541,0.0600,0.5400,-0.0100,-0.2500,0.3800,0.9200,110,010,1920,2005,1875,1973,1989,1894,42.360,36.50,2984,46.6250,74.600,0,0,0,0.0,0,0,idle,1,two_hall,3641,1,0,0,0,0,100.0
2026-08-30T17:12:12.840,109,1843,2.180000,2,FOC SPD,generated rotor dq,10,10,554,547,0.6000,0.6700,0.1100,0.4600,0.6200,1.2400,100,011,1931,1947,1970,1986,1951,1950,42.360,36.50,2982,46.5938,74.550,0,0,0,0.0,0,0,idle,1,two_hall,3641,1,0,0,0,0,100.0
2026-08-30T17:12:12.860,110,1844,2.200000,2,FOC SPD,generated rotor dq,10,10,547,547,0.8000,0.6300,0.4100,-0.2100,0.5600,0.8200,001,101,1928,1993,1977,1964,1927,1964,42.380,36.50,3072,48.0000,76.800,0,0,0,0.0,0,0,idle,1,two_hall,3641,1,0,0,0,0,100.0
2026-08-30T17:12:12.881,111,1845,2.220000,2,FOC SPD,generated rotor dq,10,10,554,534,0.6900,0.7100,-0.5600,0.1000,0.6600,1.0000,011,100,1933,1979,1979,1971,1989,1827,42.380,36.50,2980,46.5625,74.500,0,0,0,0.0,0,0,idle,1,two_hall,3641,1,0,0,0,0,100.0
2026-08-30T17:12:12.901,112,1846,2.240000,2,FOC SPD,generated rotor dq,10,10,554,547,0.6700,0.1700,0.0700,0.1900,0.5600,0.6200,010,010,1929,2007,1898,1956,1961,1925,42.380,36.50,3218,50.2812,80.450,0,0,0,0.0,0,0,idle,1,two_hall,3641,1,0,0,0,0,100.0
2026-08-30T17:12:12.921,113,1847,2.260000,2,FOC SPD,generated rotor dq,10,10,547,541,0.2800,0.3100,-0.0400,0.2700,0.6200,0.7600,110,011,1929,1978,1848,1956,1943,1949,42.360,36.50,2973,46.4531,74.325,0,0,0,0.0,0,0,idle,1,two_hall,3641,1,0,0,0,0,100.0
2026-08-30T17:12:12.942,114,1848,2.280000,2,FOC SPD,generated rotor dq,10,10,554,541,0.5600,1.0900,0.0900,-0.1500,0.5800,1.2000,100,101,1931,1943,1975,1982,1923,1949,42.360,36.50,3072,48.0000,76.800,0,0,0,0.0,0,0,idle,1,two_hall,3641,1,0,0,0,0,100.0
2026-08-30T17:12:12.962,115,1849,2.300000,2,FOC SPD,generated rotor dq,10,10,554,541,0.9400,1.0800,0.8100,0.0100,0.9000,0.9600,101,100,1945,1996,1971,1965,1967,1859,42.360,36.50,2980,46.5625,74.500,0,0,0,0.0,0,0,idle,1,two_hall,3641,1,0,0,0,0,100.0
2026-08-30T17:12:12.982,116,1850,2.320000,2,FOC SPD,generated rotor dq,10,10,554,541,0.8700,0.5500,-0.6100,-0.2900,0.7000,1.0000,011,110,1936,1977,1992,1970,1980,1901,42.360,36.50,3072,48.0000,76.800,0,0,0,0.0,0,0,idle,1,two_hall,3641,1,0,0,0,0,100.0
2026-08-30T17:12:13.003,117,1851,2.340000,2,FOC SPD,generated rotor dq,10,10,554,534,0.8900,0.5200,0.3600,0.4700,0.5600,1.1600,010,011,1927,1997,1945,1979,1896,1958,42.360,36.50,2979,46.5469,74.475,0,0,0,0.0,0,0,idle,1,two_hall,3641,1,0,0,0,0,100.0
2026-08-30T17:12:13.023,118,1852,2.360000,2,FOC SPD,generated rotor dq,10,10,554,534,0.9900,0.4300,-0.1400,0.0000,0.5800,0.8800,110,001,1929,2008,1852,1959,1939,1939,42.360,36.50,2994,46.7812,74.850,0,0,0,0.0,0,0,idle,1,two_hall,3641,1,0,0,0,0,100.0
2026-08-30T17:12:13.043,119,1853,2.380000,2,FOC SPD,generated rotor dq,10,10,554,547,0.4200,1.2000,0.5000,-0.1300,0.5000,0.9800,100,100,1927,1917,1982,1974,1935,1869,42.360,36.50,2985,46.6406,74.625,0,0,0,0.0,0,0,idle,1,two_hall,3641,1,0,0,0,0,100.0
2026-08-30T17:12:13.064,120,1854,2.400000,2,FOC SPD,generated rotor dq,10,10,554,547,0.8200,0.8600,0.4600,-0.5700,0.5000,1.3000,101,110,1927,1967,1982,1986,2000,1888,42.360,36.50,3218,50.2812,80.450,0,0,0,0.0,0,0,idle,1,two_hall,3641,1,0,0,0,0,100.0
2026-08-30T17:12:13.084,121,1855,2.420000,2,FOC SPD,generated rotor dq,10,10,554,541,0.9400,0.4000,-0.5700,-0.5300,0.8400,1.1000,011,011,1941,1969,1983,1974,1910,1970,42.360,36.50,2979,46.5469,74.475,0,0,0,0.0,0,0,idle,1,two_hall,3641,1,0,0,0,0,100.0
2026-08-30T17:12:13.104,122,1856,2.440000,2,FOC SPD,generated rotor dq,10,10,554,541,0.8200,0.6100,0.0700,-0.4300,0.5200,1.0000,010,001,1927,2007,1933,1974,1898,1970,42.360,36.50,2991,46.7344,74.775,0,0,0,0.0,0,0,idle,1,two_hall,3641,1,0,0,0,0,100.0
2026-08-30T17:12:13.125,123,1857,2.460000,2,FOC SPD,generated rotor dq,10,10,554,534,0.8500,1.6200,-0.2000,0.5700,0.9000,0.9600,110,100,1943,1987,1880,1963,1997,1851,42.360,36.50,2987,46.6719,74.675,0,0,0,0.0,0,0,idle,1,two_hall,3641,1,0,0,0,0,100.0
2026-08-30T17:12:13.145,124,1858,2.480000,2,FOC SPD,generated rotor dq,10,10,561,541,0.6800,0.5900,0.4200,-0.2400,0.5400,1.0200,100,110,1929,1928,1961,1973,1984,1890,42.360,36.50,2987,46.6719,74.675,0,0,0,0.0,0,0,idle,1,two_hall,3641,1,0,0,0,0,100.0
2026-08-30T17:12:13.167,125,1859,2.500000,2,FOC SPD,generated rotor dq,10,10,547,541,0.6200,0.4600,0.6600,-0.2400,0.5200,0.9000,101,011,1925,1925,1974,1966,1992,1935,42.360,36.50,2987,46.6719,74.675,0,0,0,0.0,0,0,idle,1,two_hall,3641,1,0,0,0,0,100.0
2026-08-30T17:12:13.186,126,1860,2.520000,2,FOC SPD,generated rotor dq,10,10,547,541,0.8000,0.8000,-0.4800,-0.4000,0.6000,1.0600,001,001,1933,1976,1983,1978,1916,1967,42.360,36.50,3135,48.9844,78.375,0,0,0,0.0,0,0,idle,1,two_hall,3641,1,0,0,0,0,100.0
2026-08-30T17:12:13.206,127,1861,2.540000,2,FOC SPD,generated rotor dq,10,10,547,541,0.8000,1.5000,0.6300,0.5100,0.6600,0.7600,010,100,1934,1981,1937,1961,1967,1890,42.360,36.50,3072,48.0000,76.800,0,0,0,0.0,0,0,idle,1,two_hall,3641,1,0,0,0,0,100.0
2026-08-30T17:12:13.226,128,1862,2.560000,2,FOC SPD,generated rotor dq,10,10,547,541,0.7000,0.3300,0.3700,-0.2700,0.7800,0.6800,110,110,1937,1955,1900,1952,1961,1853,42.360,36.50,2981,46.5781,74.525,0,0,0,0.0,0,0,idle,1,two_hall,3641,1,0,0,0,0,100.0
2026-08-30T17:12:13.247,129,1863,2.580000,2,FOC SPD,generated rotor dq,10,10,554,541,1.0300,0.2500,0.0100,0.2000,0.7600,0.7600,100,011,1937,1906,1935,1961,1937,1945,42.360,36.50,2991,46.7344,74.775,0,0,0,0.0,0,0,idle,1,two_hall,3641,1,0,0,0,0,100.0
2026-08-30T17:12:13.267,130,1864,2.600000,2,FOC SPD,generated rotor dq,10,10,554,541,1.2600,0.3900,-0.6900,-0.0100,0.9000,0.8000,101,001,1947,1873,1976,1958,1916,1960,42.360,36.50,3056,47.7500,76.400,0,0,0,0.0,0,0,idle,1,two_hall,3641,1,0,0,0,0,100.0
2026-08-30T17:12:13.287,131,1865,2.620000,2,FOC SPD,generated rotor dq,10,10,547,547,1.0000,0.8300,0.1400,0.0000,0.8400,1.0000,001,100,1941,2007,1965,1970,1926,1934,42.360,36.50,2991,46.7344,74.775,0,0,0,0.0,0,0,idle,1,two_hall,3641,1,0,0,0,0,100.0
2026-08-30T17:12:13.308,132,1866,2.640000,2,FOC SPD,generated rotor dq,10,10,554,547,0.5600,2.0300,0.0200,-2.1600,0.5000,1.5400,011,110,1927,1976,1960,1995,1987,1775,42.360,36.50,2986,46.6562,74.650,0,0,0,0.0,0,0,idle,1,two_hall,3641,1,0,0,0,0,100.0
2026-08-30T17:12:13.328,133,1867,2.660000,2,FOC SPD,generated rotor dq,10,10,554,555,0.1000,0.1400,-0.3600,0.7900,0.5200,0.9800,010,010,1922,1990,1951,1966,1919,1959,42.360,36.50,3072,48.0000,76.800,0,0,0,0.0,0,0,idle,1,two_hall,3641,1,0,0,0,0,100.0
2026-08-30T17:12:13.349,134,1868,2.680000,2,FOC SPD,generated rotor dq,10,10,554,541,0.9300,0.6800,-0.2200,1.1000,0.8400,0.8600,110,001,1943,1974,1931,1966,1933,1937,42.360,36.50,3135,48.9844,78.375,0,0,0,0.0,0,0,idle,1,two_hall,3641,1,0,0,0,0,100.0
2026-08-30T17:12:13.369,135,1869,2.700000,2,FOC SPD,generated rotor dq,10,10,547,547,0.6700,0.5400,0.2000,0.4800,0.5600,1.0800,101,101,1926,1957,1973,1972,1939,1935,42.360,36.50,2982,46.5938,74.550,0,0,0,0.0,0,0,idle,1,two_hall,3641,1,0,0,0,0,100.0
2026-08-30T17:12:13.389,136,1870,2.720000,2,FOC SPD,generated rotor dq,10,10,547,534,0.8100,1.0000,0.1000,-0.6100,0.6800,1.0200,001,110,1933,1983,1970,1975,1987,1872,42.360,36.50,2991,46.7344,74.775,0,0,0,0.0,0,0,idle,1,two_hall,3641,1,0,0,0,0,100.0
2026-08-30T17:12:13.410,137,1871,2.740000,2,FOC SPD,generated rotor dq,10,10,554,547,0.7600,0.2600,-0.6700,-0.0400,0.7600,0.7000,011,010,1939,1989,1980,1961,1964,1931,42.360,36.50,2979,46.5469,74.475,0,0,0,0.0,0,0,idle,1,two_hall,3641,1,0,0,0,0,100.0
2026-08-30T17:12:13.430,138,1872,2.760000,2,FOC SPD,generated rotor dq,10,10,554,547,0.4200,0.6800,-0.3900,-0.1900,0.6200,1.0600,010,001,1929,2018,1860,1977,1963,1973,42.360,36.50,2986,46.6562,74.650,0,0,0,0.0,0,0,idle,1,two_hall,3641,1,0,0,0,0,100.0
2026-08-30T17:12:13.450,139,1873,2.780000,2,FOC SPD,generated rotor dq,10,10,547,541,0.2600,-10.9900,0.0100,1.6900,0.6400,0.7200,110,101,1931,1966,1944,1963,2974,1908,42.360,36.50,2981,46.5781,74.525,0,0,0,0.0,0,0,idle,1,two_hall,3641,1,0,0,0,0,100.0
2026-08-30T17:12:13.471,140,1874,2.800000,2,FOC SPD,generated rotor dq,10,10,561,534,0.4700,0.6300,0.3800,-0.1900,0.3600,0.9000,100,110,1919,1960,1978,1967,1963,1919,42.360,36.50,3077,48.0781,76.925,0,0,0,0.0,0,0,idle,1,two_hall,3641,1,0,0,0,0,100.0
2026-08-30T17:12:13.491,141,1875,2.820000,2,FOC SPD,generated rotor dq,10,10,547,541,0.6300,0.6500,0.5000,-0.0100,0.5000,1.2400,001,010,1927,2003,1969,1983,1970,1945,42.360,36.50,2979,46.5469,74.475,0,0,0,0.0,0,0,idle,1,two_hall,3641,1,0,0,0,0,100.0
2026-08-30T17:12:13.511,142,1876,2.840000,2,FOC SPD,generated rotor dq,10,10,547,541,0.5600,1.1200,-0.4900,0.2900,0.4800,1.4800,011,001,1925,1977,1983,1995,1945,1963,42.360,36.50,2991,46.7344,74.775,0,0,0,0.0,0,0,idle,1,two_hall,3641,1,0,0,0,0,100.0
2026-08-30T17:12:13.532,143,1877,2.860000,2,FOC SPD,generated rotor dq,10,10,547,547,0.4400,0.7300,0.1500,-0.0400,0.5400,0.7600,010,101,1925,1992,1888,1955,1887,1956,42.360,36.50,2992,46.7500,74.800,0,0,0,0.0,0,0,idle,1,two_hall,3641,1,0,0,0,0,100.0
2026-08-30T17:12:13.552,144,1878,2.880000,2,FOC SPD,generated rotor dq,10,10,554,534,0.3800,1.0300,-0.1300,-0.4100,0.8600,1.2400,110,100,1940,1994,1907,1981,1975,1919,42.360,36.50,3138,49.0312,78.450,0,0,0,0.0,0,0,idle,1,two_hall,3641,1,0,0,0,0,100.0
2026-08-30T17:12:13.572,145,1879,2.900000,2,FOC SPD,generated rotor dq,10,10,554,547,0.5900,0.2900,-0.0300,0.0000,0.5400,0.8000,100,010,1928,1945,1949,1956,1962,1920,42.360,36.50,3072,48.0000,76.800,0,0,0,0.0,0,0,idle,1,two_hall,3641,1,0,0,0,0,100.0
2026-08-30T17:12:13.594,146,1880,2.920000,2,FOC SPD,generated rotor dq,10,10,561,534,0.9100,0.6200,-0.2900,0.5900,0.5800,1.0200,101,011,1931,1913,1996,1972,1932,1952,42.360,36.50,3267,51.0469,81.675,0,0,0,0.0,0,0,idle,1,two_hall,3641,1,0,0,0,0,100.0
2026-08-30T17:12:13.613,147,1881,2.940000,2,FOC SPD,generated rotor dq,10,10,547,547,1.1100,1.3000,-0.3600,-0.4800,1.1800,1.0800,011,101,1959,2006,1958,1978,1804,1980,42.360,36.50,3072,48.0000,76.800,0,0,0,0.0,0,0,idle,1,two_hall,3641,1,0,0,0,0,100.0
2026-08-30T17:12:13.634,148,1882,2.960000,2,FOC SPD,generated rotor dq,10,10,547,547,1.1100,0.9400,1.4100,-0.6900,0.4000,1.1200,010,100,1922,1982,1935,1981,1946,1892,42.360,36.50,2991,46.7344,74.775,0,0,0,0.0,0,0,idle,1,two_hall,3641,1,0,0,0,0,100.0
2026-08-30T17:12:13.654,149,1883,2.980000,2,FOC SPD,generated rotor dq,10,10,554,547,0.9400,0.2600,-0.1300,0.1700,0.8200,0.8000,110,010,1941,2010,1894,1962,1965,1927,42.360,36.50,3072,48.0000,76.800,0,0,0,0.0,0,0,idle,1,two_hall,3641,1,0,0,0,0,100.0
2026-08-30T17:12:13.674,150,1884,3.000000,2,FOC SPD,generated rotor dq,10,10,554,534,0.9100,0.4600,0.1900,0.0100,0.5400,0.9000,100,011,1924,1927,1948,1964,1924,1955,42.360,36.50,2991,46.7344,74.775,0,0,0,0.0,0,0,idle,1,two_hall,3641,1,0,0,0,0,100.0
2026-08-30T17:12:13.694,151,1885,3.020000,2,FOC SPD,generated rotor dq,10,10,554,541,0.8000,0.9900,0.2100,-0.0800,0.7200,0.8600,101,101,1935,1914,1970,1967,1935,1949,42.360,36.50,3066,47.9062,76.650,0,0,0,0.0,0,0,idle,1,two_hall,3641,1,0,0,0,0,100.0
2026-08-30T17:12:13.715,152,1886,3.040000,2,FOC SPD,generated rotor dq,10,10,547,534,1.4900,0.6200,-0.0200,-0.3100,0.5600,1.0200,001,100,1930,2002,1967,1973,1961,1916,42.360,36.50,2991,46.7344,74.775,0,0,0,0.0,0,0,idle,1,two_hall,3641,1,0,0,0,0,100.0
2026-08-30T17:12:13.735,153,1887,3.060000,2,FOC SPD,generated rotor dq,10,10,554,547,0.5500,0.4100,-0.1000,-0.2700,0.6200,0.9200,011,010,1930,1988,1966,1966,1976,1906,42.360,36.50,3215,50.2344,80.375,0,0,0,0.0,0,0,idle,1,two_hall,3641,1,0,0,0,0,100.0
2026-08-30T17:12:13.755,154,1888,3.080000,2,FOC SPD,generated rotor dq,10,10,547,541,0.7600,0.5900,-0.2000,0.0000,0.5400,1.2400,110,011,1928,1983,1943,1980,1947,1950,42.360,36.50,2979,46.5469,74.475,0,0,0,0.0,0,0,idle,1,two_hall,3641,1,0,0,0,0,100.0
2026-08-30T17:12:13.776,155,1889,3.100000,2,FOC SPD,generated rotor dq,10,10,554,555,1.7100,-0.8700,0.1500,-0.0300,1.0000,0.8200,100,101,1950,1883,1944,1966,1910,1982,42.360,36.50,2992,46.7500,74.800,0,0,0,0.0,0,0,idle,1,two_hall,3641,1,0,0,0,0,100.0
2026-08-30T17:12:13.796,156,1890,3.120000,2,FOC SPD,generated rotor dq,10,10,554,541,0.8400,0.5600,0.0400,0.1100,0.6400,0.7600,101,100,1931,1912,1955,1957,1976,1861,42.360,36.50,2974,46.4688,74.350,0,0,0,0.0,0,0,idle,1,two_hall,3641,1,0,0,0,0,100.0
2026-08-30T17:12:13.816,157,1891,3.140000,2,FOC SPD,generated rotor dq,10,10,554,547,0.8000,0.5200,-0.0700,-0.2900,0.6000,1.0200,001,010,1928,1994,1968,1974,1987,1891,42.360,36.50,2989,46.7031,74.725,0,0,0,0.0,0,0,idle,1,two_hall,3641,1,0,0,0,0,100.0
2026-08-30T17:12:13.837,158,1892,3.160000,2,FOC SPD,generated rotor dq,10,10,547,547,0.3800,0.5400,-0.3100,0.5200,0.4800,1.1000,011,011,1927,1980,1960,1975,1940,1944,42.360,36.50,2982,46.5938,74.550,0,0,0,0.0,0,0,idle,1,two_hall,3641,1,0,0,0,0,100.0
2026-08-30T17:12:13.857,159,1893,3.180000,2,FOC SPD,generated rotor dq,10,10,547,547,0.5200,0.8100,-0.0100,-0.2300,0.5800,0.8400,110,101,1929,1962,1951,1966,1927,1966,42.360,36.50,3073,48.0156,76.825,0,0,0,0.0,0,0,idle,1,two_hall,3641,1,0,0,0,0,100.0
2026-08-30T17:12:13.878,160,1894,3.200000,2,FOC SPD,generated rotor dq,10,10,547,534,1.6100,0.9000,0.3000,0.0800,1.0800,0.8200,100,100,1955,1911,1969,1967,1970,1810,42.360,36.50,2981,46.5781,74.525,0,0,0,0.0,0,0,idle,1,two_hall,3641,1,0,0,0,0,100.0
2026-08-30T17:12:13.898,161,1895,3.220000,2,FOC SPD,generated rotor dq,10,10,554,547,1.0000,0.2700,-0.3500,-0.0900,0.5600,0.6200,101,110,1931,1915,1983,1961,1963,1913,42.360,36.50,2991,46.7344,74.775,0,0,0,0.0,0,0,idle,1,two_hall,3641,1,0,0,0,0,100.0
2026-08-30T17:12:13.918,162,1896,3.240000,2,FOC SPD,generated rotor dq,10,10,561,541,0.7500,0.4500,0.0300,0.0300,0.6000,0.9800,001,011,1929,1957,1984,1974,1957,1948,42.360,36.50,2986,46.6562,74.650,0,0,0,0.0,0,0,idle,1,two_hall,3641,1,0,0,0,0,100.0
2026-08-30T17:12:13.938,163,1897,3.260000,2,FOC SPD,generated rotor dq,10,10,547,541,0.9100,0.8500,-0.8200,-0.1300,0.9400,1.2200,011,001,1954,2006,1960,1981,1931,1953,42.360,36.50,2991,46.7344,74.775,0,0,0,0.0,0,0,idle,1,two_hall,3641,1,0,0,0,0,100.0
2026-08-30T17:12:13.959,164,1898,3.280000,2,FOC SPD,generated rotor dq,10,10,547,541,0.1700,1.3700,-0.3600,0.1500,0.5400,1.0800,010,100,1927,1976,1934,1969,1970,1871,42.360,36.50,2991,46.7344,74.775,0,0,0,0.0,0,0,idle,1,two_hall,3641,1,0,0,0,0,100.0
2026-08-30T17:12:13.979,165,1899,3.300000,2,FOC SPD,generated rotor dq,10,10,547,547,0.5100,0.3200,0.6700,-0.1600,0.5800,0.8200,110,110,1929,1942,1963,1959,1963,1873,42.360,36.50,3117,48.7031,77.925,0,0,0,0.0,0,0,idle,1,two_hall,3641,1,0,0,0,0,100.0
2026-08-30T17:12:14.000,166,1900,3.320000,2,FOC SPD,generated rotor dq,10,10,561,541,0.8200,0.3400,-0.3300,0.1900,0.6000,0.9600,101,011,1932,1942,1962,1969,1948,1944,42.360,36.50,2991,46.7344,74.775,0,0,0,0.0,0,0,idle,1,two_hall,3641,1,0,0,0,0,100.0
2026-08-30T17:12:14.020,167,1901,3.340000,2,FOC SPD,generated rotor dq,10,10,554,534,0.7800,0.5700,-0.2400,0.0400,0.8000,1.0200,001,001,1941,1939,1990,1972,1937,1938,42.360,36.50,2991,46.7344,74.775,0,0,0,0.0,0,0,idle,1,two_hall,3641,1,0,0,0,0,100.0
2026-08-30T17:12:14.040,168,1902,3.360000,2,FOC SPD,generated rotor dq,10,10,547,541,0.5300,1.5500,-0.2500,0.2000,0.6600,1.2000,011,100,1932,1994,1936,1974,1969,1848,42.360,36.50,2985,46.6406,74.625,0,0,0,0.0,0,0,idle,1,two_hall,3641,1,0,0,0,0,100.0
2026-08-30T17:12:14.061,169,1903,3.380000,2,FOC SPD,generated rotor dq,10,10,561,534,0.7500,1.0300,0.0800,-0.6000,0.5600,1.4400,010,110,1928,2000,1912,1993,1999,1884,42.360,36.50,2986,46.6562,74.650,0,0,0,0.0,0,0,idle,1,two_hall,3641,1,0,0,0,0,100.0
2026-08-30T17:12:14.081,170,1904,3.400000,2,FOC SPD,generated rotor dq,10,10,547,541,0.3000,0.7500,0.4700,0.0400,0.4200,1.2400,110,011,1923,1966,1922,1988,1933,1975,42.360,36.50,3066,47.9062,76.650,0,0,0,0.0,0,0,idle,1,two_hall,3641,1,0,0,0,0,100.0
2026-08-30T17:12:14.101,171,1905,3.420000,2,FOC SPD,generated rotor dq,10,10,554,547,0.3800,0.5100,0.8100,0.0200,0.8200,0.8800,100,001,1941,1913,1934,1965,1898,1964,42.360,36.50,2982,46.5938,74.550,0,0,0,0.0,0,0,idle,1,two_hall,3641,1,0,0,0,0,100.0
2026-08-30T17:12:14.122,172,1906,3.440000,2,FOC SPD,generated rotor dq,10,10,554,534,0.6900,1.7900,0.5900,0.6100,0.6200,0.8600,101,100,1928,1989,1981,1964,1951,1912,42.360,36.50,3076,48.0625,76.900,0,0,0,0.0,0,0,idle,1,two_hall,3641,1,0,0,0,0,100.0
2026-08-30T17:12:14.142,173,1907,3.460000,2,FOC SPD,generated rotor dq,10,10,547,534,0.6400,0.9300,-0.1300,-0.7400,0.4800,1.3000,011,110,1928,1977,1973,1992,2003,1859,42.360,36.50,2991,46.7344,74.775,0,0,0,0.0,0,0,idle,1,two_hall,3641,1,0,0,0,0,100.0
2026-08-30T17:12:14.162,174,1908,3.480000,2,FOC SPD,generated rotor dq,10,10,554,541,0.4800,0.5700,0.1000,-0.1600,0.5000,1.1600,010,011,1927,1994,1896,1973,1963,1946,42.360,36.50,2991,46.7344,74.775,0,0,0,0.0,0,0,idle,1,two_hall,3641,1,0,0,0,0,100.0
2026-08-30T17:12:14.183,175,1909,3.500000,2,FOC SPD,generated rotor dq,10,10,554,541,0.6000,0.6700,-0.0200,-0.3700,0.7400,1.1200,110,001,1931,2000,1873,1971,1915,1967,42.360,36.50,2975,46.4844,74.375,0,0,0,0.0,0,0,idle,1,two_hall,3641,1,0,0,0,0,100.0
2026-08-30T17:12:14.203,176,1910,3.520000,2,FOC SPD,generated rotor dq,10,10,554,541,0.7900,1.0000,0.2600,0.4600,0.6600,0.6800,100,100,1931,1912,1949,1952,1960,1924,42.360,36.50,2985,46.6406,74.625,0,0,0,0.0,0,0,idle,1,two_hall,3641,1,0,0,0,0,100.0
2026-08-30T17:12:14.227,177,1911,3.540000,2,FOC SPD,generated rotor dq,10,10,554,547,0.5800,0.8700,0.1600,-0.9500,0.5000,0.8600,101,110,1925,1943,1955,1961,1960,1829,42.360,36.50,2980,46.5625,74.500,0,0,0,0.0,0,0,idle,1,two_hall,3641,1,0,0,0,0,100.0
2026-08-30T17:12:14.243,178,1912,3.560000,2,FOC SPD,generated rotor dq,10,10,561,541,0.7200,0.2000,-0.0300,0.2400,0.6000,0.8200,001,010,1930,2000,1965,1962,1951,1951,42.360,36.70,3218,50.2812,80.450,0,0,0,0.0,0,0,idle,1,two_hall,3641,1,0,0,0,0,100.0
2026-08-30T17:12:14.264,179,1913,3.580000,2,FOC SPD,generated rotor dq,10,10,554,541,0.4400,0.4600,0.1300,0.1400,0.6200,0.8200,010,001,1932,1983,1948,1963,1910,1958,42.360,36.70,2982,46.5938,74.550,0,0,0,0.0,0,0,idle,1,two_hall,3641,1,0,0,0,0,100.0
2026-08-30T17:12:14.284,180,1914,3.600000,2,FOC SPD,generated rotor dq,10,10,554,547,0.6600,0.8000,-0.3700,-0.0400,0.4200,1.0200,110,100,1921,2010,1864,1973,1921,1943,42.360,36.70,3218,50.2812,80.450,0,0,0,0.0,0,0,idle,1,two_hall,3641,1,0,0,0,0,100.0
2026-08-30T17:12:14.304,181,1915,3.620000,2,FOC SPD,generated rotor dq,10,10,547,547,0.7200,2.0300,0.0700,-2.1800,0.7600,1.4800,100,110,1937,1896,1968,1990,1983,1783,42.360,36.70,2986,46.6562,74.650,0,0,0,0.0,0,0,idle,1,two_hall,3641,1,0,0,0,0,100.0
2026-08-30T17:12:14.325,182,1916,3.640000,2,FOC SPD,generated rotor dq,10,10,554,547,0.6800,0.0700,0.4200,1.7400,0.5600,1.0800,101,010,1928,1966,1975,1972,1848,2039,42.360,36.70,3072,48.0000,76.800,0,0,0,0.0,0,0,idle,1,two_hall,3641,1,0,0,0,0,100.0
2026-08-30T17:12:14.345,183,1917,3.660000,2,FOC SPD,generated rotor dq,10,10,547,541,0.5500,1.0400,-0.2100,1.3700,0.4800,1.0800,001,001,1923,1976,1966,1973,1910,1951,42.360,36.70,2994,46.7812,74.850,0,0,0,0.0,0,0,idle,1,two_hall,3641,1,0,0,0,0,100.0
2026-08-30T17:12:14.365,184,1918,3.680000,2,FOC SPD,generated rotor dq,10,10,554,541,0.6500,0.6600,-0.0800,0.0800,0.5600,0.9200,010,101,1929,1997,1966,1967,1926,1941,42.360,36.70,3076,48.0625,76.900,0,0,0,0.0,0,0,idle,1,two_hall,3641,1,0,0,0,0,100.0
2026-08-30T17:12:14.386,185,1919,3.700000,2,FOC SPD,generated rotor dq,10,10,547,534,0.5800,1.3800,-0.2000,-1.0800,0.7000,1.4600,110,110,1937,1981,1866,1991,2003,1833,42.360,36.70,2974,46.4688,74.350,0,0,0,0.0,0,0,idle,1,two_hall,3641,1,0,0,0,0,100.0
2026-08-30T17:12:14.406,186,1920,3.720000,2,FOC SPD,generated rotor dq,10,10,547,547,0.5900,0.1100,0.1700,0.0000,0.6600,0.7800,100,010,1932,1932,1980,1959,1955,1941,42.360,36.70,3138,49.0312,78.450,0,0,0,0.0,0,0,idle,1,two_hall,3641,1,0,0,0,0,100.0
2026-08-30T17:12:14.427,187,1921,3.740000,2,FOC SPD,generated rotor dq,10,10,554,547,0.7200,0.8400,0.3600,0.3600,0.6800,0.9800,101,001,1931,1960,1973,1970,1936,1964,42.360,36.70,3071,47.9844,76.775,0,0,0,0.0,0,0,idle,1,two_hall,3641,1,0,0,0,0,100.0
2026-08-30T17:12:14.447,188,1922,3.760000,2,FOC SPD,generated rotor dq,10,10,547,547,0.6000,0.8300,-0.2000,1.0100,0.4600,0.9200,001,101,1925,1993,1978,1964,2026,1895,42.360,36.70,2991,46.7344,74.775,0,0,0,0.0,0,0,idle,1,two_hall,3641,1,0,0,0,0,100.0
2026-08-30T17:12:14.467,189,1923,3.780000,2,FOC SPD,generated rotor dq,10,10,540,541,0.5000,0.8500,0.3700,-0.6600,0.5400,1.0000,010,110,1925,1988,1861,1963,1969,1845,42.360,36.70,2974,46.4688,74.350,0,0,0,0.0,0,0,idle,1,two_hall,3641,1,0,0,0,0,100.0
2026-08-30T17:12:14.487,190,1924,3.800000,2,FOC SPD,generated rotor dq,10,10,547,541,0.5200,0.3200,0.3800,0.0000,0.7200,0.9800,110,010,1936,1964,1917,1968,1960,1942,42.360,36.70,2985,46.6406,74.625,0,0,0,0.0,0,0,idle,1,two_hall,3641,1,0,0,0,0,100.0
2026-08-30T17:12:14.508,191,1925,3.820000,2,FOC SPD,generated rotor dq,10,10,547,541,0.5300,1.5300,0.3600,0.9600,0.5400,1.3600,100,001,1928,1950,1973,1989,1671,1968,42.360,36.70,3072,48.0000,76.800,0,0,0,0.0,0,0,idle,1,two_hall,3641,1,0,0,0,0,100.0
2026-08-30T17:12:14.528,192,1926,3.840000,2,FOC SPD,generated rotor dq,10,10,554,547,0.9000,0.5200,0.3600,0.3000,0.7400,0.7600,001,101,1939,1979,1986,1961,1946,1934,42.360,36.70,2991,46.7344,74.775,0,0,0,0.0,0,0,idle,1,two_hall,3641,1,0,0,0,0,100.0
2026-08-30T17:12:14.548,193,1927,3.860000,2,FOC SPD,generated rotor dq,10,10,554,541,0.7200,0.9200,-0.6100,-0.8800,0.7000,0.8400,011,110,1935,1978,1971,1957,1961,1862,42.360,36.70,3072,48.0000,76.800,0,0,0,0.0,0,0,idle,1,two_hall,3641,1,0,0,0,0,100.0
2026-08-30T17:12:14.569,194,1928,3.880000,2,FOC SPD,generated rotor dq,10,10,547,547,0.9300,0.3500,0.0300,0.0800,0.7400,0.8800,010,010,1937,2005,1869,1959,1955,1941,42.360,36.70,2985,46.6406,74.625,0,0,0,0.0,0,0,idle,1,two_hall,3641,1,0,0,0,0,100.0
2026-08-30T17:12:14.589,195,1929,3.900000,2,FOC SPD,generated rotor dq,10,10,554,534,0.6900,0.9200,0.5000,0.6300,0.9400,0.9600,110,001,1946,1965,1884,1973,1873,1953,42.360,36.70,2986,46.6562,74.650,0,0,0,0.0,0,0,idle,1,two_hall,3641,1,0,0,0,0,100.0
2026-08-30T17:12:14.609,196,1930,3.920000,2,FOC SPD,generated rotor dq,10,10,554,547,0.7100,0.8200,-0.2800,-0.1000,0.6600,1.1200,100,101,1933,1933,1967,1973,1917,1945,42.360,36.70,3361,52.5156,84.025,0,0,0,0.0,0,0,idle,1,two_hall,3641,1,0,0,0,0,100.0
2026-08-30T17:12:14.630,197,1931,3.940000,2,FOC SPD,generated rotor dq,10,10,554,541,0.8100,0.9700,0.1100,-0.8300,0.7000,0.7600,101,110,1939,1951,1975,1967,1968,1840,42.360,36.70,2991,46.7344,74.775,0,0,0,0.0,0,0,idle,1,two_hall,3641,1,0,0,0,0,100.0
2026-08-30T17:12:14.650,198,1932,3.960000,2,FOC SPD,generated rotor dq,10,10,554,547,0.8100,0.2300,-0.5500,-0.0100,0.7000,0.6600,011,010,1938,1973,1983,1957,1960,1933,42.360,36.70,2979,46.5469,74.475,0,0,0,0.0,0,0,idle,1,two_hall,3641,1,0,0,0,0,100.0
2026-08-30T17:12:14.670,199,1933,3.980000,2,FOC SPD,generated rotor dq,10,10,547,547,0.5200,0.4500,0.4000,-0.0200,0.5000,0.8400,010,001,1923,1987,1881,1969,1997,1965,42.360,36.70,2992,46.7500,74.800,0,0,0,0.0,0,0,idle,1,two_hall,3641,1,0,0,0,0,100.0
2026-08-30T17:12:14.691,200,1934,4.000000,2,FOC SPD,generated rotor dq,10,10,547,547,0.3800,0.3700,0.0200,0.1000,0.7000,0.7600,110,101,1935,1973,1853,1957,1887,1951,42.360,36.50,2975,46.4844,74.375,0,0,0,0.0,0,0,idle,1,two_hall,3641,1,0,0,0,0,100.0
2026-08-30T17:12:14.711,201,1935,4.020000,2,FOC SPD,generated rotor dq,10,10,554,534,0.6200,1.3200,0.3800,-0.7200,0.7800,1.0400,100,110,1945,1906,1938,1983,1992,1808,42.360,36.50,2991,46.7344,74.775,0,0,0,0.0,0,0,idle,1,two_hall,3641,1,0,0,0,0,100.0
2026-08-30T17:12:14.732,202,1936,4.040000,2,FOC SPD,generated rotor dq,10,10,547,547,0.7600,0.3200,0.3400,-0.1200,0.5200,0.9600,001,010,1926,1977,1971,1966,1967,1927,42.360,36.70,3060,47.8125,76.500,0,0,0,0.0,0,0,idle,1,two_hall,3641,1,0,0,0,0,100.0
2026-08-30T17:12:14.752,203,1937,4.060000,2,FOC SPD,generated rotor dq,10,10,547,541,0.7700,0.4800,-0.6400,0.4900,1.0000,0.8200,011,001,1947,2004,1963,1963,1941,1940,42.360,36.50,2991,46.7344,74.775,0,0,0,0.0,0,0,idle,1,two_hall,3641,1,0,0,0,0,100.0
2026-08-30T17:12:14.772,204,1938,4.080000,2,FOC SPD,generated rotor dq,10,10,547,547,0.4100,0.5700,0.3400,0.1300,0.3800,0.8400,010,101,1919,1982,1877,1955,1887,1949,42.360,36.50,2981,46.5781,74.525,0,0,0,0.0,0,0,idle,1,two_hall,3641,1,0,0,0,0,100.0
2026-08-30T17:12:14.793,205,1939,4.100000,2,FOC SPD,generated rotor dq,10,10,554,534,0.5400,0.9200,0.1300,-0.1700,0.4400,1.0000,110,110,1923,2009,1890,1976,1991,1924,42.360,36.70,2987,46.6719,74.675,0,0,0,0.0,0,0,idle,1,two_hall,3641,1,0,0,0,0,100.0
2026-08-30T17:12:14.814,206,1940,4.120000,2,FOC SPD,generated rotor dq,10,10,547,541,0.3300,0.3500,0.4700,0.0700,0.5400,0.9000,100,010,1925,1936,1969,1963,1968,1935,42.360,36.70,2973,46.4531,74.325,0,0,0,0.0,0,0,idle,1,two_hall,3641,1,0,0,0,0,100.0
2026-08-30T17:12:14.833,207,1941,4.140000,2,FOC SPD,generated rotor dq,10,10,547,534,0.6400,1.4200,0.0000,1.3500,0.5000,1.5400,101,001,1926,1956,1976,1997,1913,1959,42.360,36.70,3071,47.9844,76.775,0,0,0,0.0,0,0,idle,1,two_hall,3641,1,0,0,0,0,100.0
2026-08-30T17:12:14.854,208,1942,4.160000,2,FOC SPD,generated rotor dq,10,10,547,547,0.8100,0.6200,-0.5500,-0.1100,0.7800,0.8200,011,101,1938,1979,1981,1959,1887,1960,42.360,36.50,2981,46.5781,74.525,0,0,0,0.0,0,0,idle,1,two_hall,3641,1,0,0,0,0,100.0
2026-08-30T17:12:14.874,209,1943,4.180000,2,FOC SPD,generated rotor dq,10,10,554,541,0.4300,0.9100,-0.2400,-0.5900,0.4600,0.9800,010,110,1924,1996,1967,1970,1963,1922,42.360,36.70,2991,46.7344,74.775,0,0,0,0.0,0,0,idle,1,two_hall,3641,1,0,0,0,0,100.0
2026-08-30T17:12:14.894,210,1944,4.200000,2,FOC SPD,generated rotor dq,10,10,547,541,0.5200,0.2400,0.0700,0.6300,0.5800,0.8800,110,010,1928,2000,1877,1957,1957,1949,42.360,36.70,2973,46.4531,74.325,0,0,0,0.0,0,0,idle,1,two_hall,3641,1,0,0,0,0,100.0
2026-08-30T17:12:14.915,211,1945,4.220000,2,FOC SPD,generated rotor dq,10,10,547,534,0.8600,0.8100,0.1000,0.7200,0.9600,1.1800,100,001,1945,1816,1976,1976,1933,1957,42.360,36.70,2986,46.6562,74.650,0,0,0,0.0,0,0,idle,1,two_hall,3641,1,0,0,0,0,100.0
2026-08-30T17:12:14.935,212,1946,4.240000,2,FOC SPD,generated rotor dq,10,10,554,541,0.7400,0.5900,-0.0700,-0.0900,0.6600,0.9200,101,101,1930,1943,1964,1963,1901,1959,42.360,36.70,2986,46.6562,74.650,0,0,0,0.0,0,0,idle,1,two_hall,3641,1,0,0,0,0,100.0
2026-08-30T17:12:14.955,213,1947,4.260000,2,FOC SPD,generated rotor dq,10,10,547,547,0.7700,2.4400,-0.2600,-1.9800,0.7400,1.7600,011,110,1935,1999,1962,2012,1978,1874,42.360,36.70,3072,48.0000,76.800,0,0,0,0.0,0,0,idle,1,two_hall,3641,1,0,0,0,0,100.0
2026-08-30T17:12:14.976,214,1948,4.280000,2,FOC SPD,generated rotor dq,10,10,561,547,0.6500,0.1600,-0.1900,0.0800,0.6000,0.6800,010,010,1932,1994,1963,1957,1960,1933,42.360,36.70,2981,46.5781,74.525,0,0,0,0.0,0,0,idle,1,two_hall,3641,1,0,0,0,0,100.0
2026-08-30T17:12:14.996,215,1949,4.300000,2,FOC SPD,generated rotor dq,10,10,547,541,0.6300,0.6700,-0.0800,0.3900,0.5000,1.2000,110,001,1925,1976,1907,1984,1935,1962,42.360,36.70,3072,48.0000,76.800,0,0,0,0.0,0,0,idle,1,two_hall,3641,1,0,0,0,0,100.0
2026-08-30T17:12:15.016,216,1950,4.320000,2,FOC SPD,generated rotor dq,10,10,554,541,0.6800,0.8800,0.2700,-0.0500,0.7000,0.8400,100,101,1936,1885,1980,1968,1884,1941,42.360,36.70,2975,46.4844,74.375,0,0,0,0.0,0,0,idle,1,two_hall,3641,1,0,0,0,0,100.0
2026-08-30T17:12:15.038,217,1951,4.340000,2,FOC SPD,generated rotor dq,10,10,554,541,0.6400,1.2800,0.4700,-0.7300,0.4400,1.2600,101,110,1919,1967,1978,1988,1971,1903,42.360,36.70,3077,48.0781,76.925,0,0,0,0.0,0,0,idle,1,two_hall,3641,1,0,0,0,0,100.0
2026-08-30T17:12:15.057,218,1952,4.360000,2,FOC SPD,generated rotor dq,10,10,554,541,0.8900,0.3500,-0.5100,-0.0800,0.7000,0.8400,011,010,1938,1975,1967,1959,1967,1926,42.360,36.70,2980,46.5625,74.500,0,0,0,0.0,0,0,idle,1,two_hall,3641,1,0,0,0,0,100.0
2026-08-30T17:12:15.077,219,1953,4.380000,2,FOC SPD,generated rotor dq,10,10,554,541,0.6200,0.8500,0.2000,0.3100,0.5400,1.2000,010,001,1925,1995,1949,1982,1936,1962,42.360,36.70,3072,48.0000,76.800,0,0,0,0.0,0,0,idle,1,two_hall,3641,1,0,0,0,0,100.0
2026-08-30T17:12:15.098,220,1954,4.400000,2,FOC SPD,generated rotor dq,10,10,547,547,0.6500,0.3500,-0.1400,0.4200,0.7000,0.8000,110,101,1933,1980,1880,1955,1875,1963,42.360,36.70,2974,46.4688,74.350,0,0,0,0.0,0,0,idle,1,two_hall,3641,1,0,0,0,0,100.0
2026-08-30T17:12:15.118,221,1955,4.420000,2,FOC SPD,generated rotor dq,10,10,547,547,0.5900,0.7500,0.6600,-0.6300,0.5400,0.9200,100,100,1923,1898,1992,1967,1953,1913,42.360,36.70,2986,46.6562,74.650,0,0,0,0.0,0,0,idle,1,two_hall,3641,1,0,0,0,0,100.0
2026-08-30T17:12:15.138,222,1956,4.440000,2,FOC SPD,generated rotor dq,10,10,554,541,0.7600,0.2700,1.1300,0.0200,0.7800,0.8400,101,010,1935,2068,1966,1951,1969,1927,42.360,36.70,3060,47.8125,76.500,0,0,0,0.0,0,0,idle,1,two_hall,3641,1,0,0,0,0,100.0
2026-08-30T17:12:15.159,223,1957,4.460000,2,FOC SPD,generated rotor dq,10,10,554,534,0.6600,0.5300,-0.2400,0.4700,0.5600,1.0000,001,001,1929,1976,1979,1970,1931,1945,42.360,36.70,3135,48.9844,78.375,0,0,0,0.0,0,0,idle,1,two_hall,3641,1,0,0,0,0,100.0
2026-08-30T17:12:15.179,224,1958,4.480000,2,FOC SPD,generated rotor dq,10,10,554,547,-0.9100,1.0500,-4.1300,-0.1800,0.6200,0.6600,010,101,1935,2005,1962,1961,1862,1960,42.360,36.70,2982,46.5938,74.550,0,0,0,0.0,0,0,idle,1,two_hall,3641,1,0,0,0,0,100.0
2026-08-30T17:12:15.200,225,1959,4.500000,2,FOC SPD,generated rotor dq,10,10,547,541,0.8600,0.6900,-0.1800,-0.3900,0.6400,1.0400,110,100,1929,1973,1945,1971,1952,1918,42.360,36.70,2990,46.7188,74.750,0,0,0,0.0,0,0,idle,1,two_hall,3641,1,0,0,0,0,100.0
2026-08-30T17:12:15.220,226,1960,4.520000,2,FOC SPD,generated rotor dq,10,10,554,547,0.8300,0.2300,0.5300,0.2900,0.7000,0.8200,100,010,1935,1891,1973,1955,1961,1929,42.360,36.70,2992,46.7500,74.800,0,0,0,0.0,0,0,idle,1,two_hall,3641,1,0,0,0,0,100.0
2026-08-30T17:12:15.240,227,1961,4.540000,2,FOC SPD,generated rotor dq,10,10,554,541,0.4200,0.3400,1.9300,0.3400,0.5800,0.8800,101,011,1929,1906,1964,1959,1948,1950,42.360,36.70,3065,47.8906,76.625,0,0,0,0.0,0,0,idle,1,two_hall,3641,1,0,0,0,0,100.0
2026-08-30T17:12:15.261,228,1962,4.560000,2,FOC SPD,generated rotor dq,10,10,547,541,0.8300,0.9400,-0.4400,-0.0400,0.6600,1.0000,001,101,1935,1978,1961,1967,1884,1941,42.360,36.70,2980,46.5625,74.500,0,0,0,0.0,0,0,idle,1,two_hall,3641,1,0,0,0,0,100.0
2026-08-30T17:12:15.281,229,1963,4.580000,2,FOC SPD,generated rotor dq,10,10,554,541,0.5200,0.9100,-0.4500,-0.5100,0.5400,1.0800,010,110,1932,2002,1970,1976,1958,1918,42.360,36.70,3217,50.2656,80.425,0,0,0,0.0,0,0,idle,1,two_hall,3641,1,0,0,0,0,100.0
2026-08-30T17:12:15.301,230,1964,4.600000,2,FOC SPD,generated rotor dq,10,10,547,547,0.4600,0.3700,-0.1900,-0.1600,0.8400,0.7400,110,010,1945,1967,1946,1966,1975,1914,42.360,36.70,2991,46.7344,74.775,0,0,0,0.0,0,0,idle,1,two_hall,3641,1,0,0,0,0,100.0
2026-08-30T17:12:15.322,231,1965,4.620000,2,FOC SPD,generated rotor dq,10,10,561,534,0.5300,0.8200,0.1900,0.2500,0.4600,1.3800,100,011,1925,1970,1950,1988,1930,1958,42.360,36.70,2991,46.7344,74.775,0,0,0,0.0,0,0,idle,1,two_hall,3641,1,0,0,0,0,100.0
2026-08-30T17:12:15.342,232,1966,4.640000,2,FOC SPD,generated rotor dq,10,10,547,547,0.8300,-1.9600,-0.1800,0.6400,0.5400,0.7400,101,101,1927,1923,1967,1963,1934,1950,42.360,36.70,2991,46.7344,74.775,0,0,0,0.0,0,0,idle,1,two_hall,3641,1,0,0,0,0,100.0
2026-08-30T17:12:15.363,233,1967,4.660000,2,FOC SPD,generated rotor dq,10,10,547,541,0.2600,1.0500,-0.0200,-0.4800,0.4600,1.1200,001,100,1921,1992,1960,1980,1969,1908,42.360,36.70,2984,46.6250,74.600,0,0,0,0.0,0,0,idle,1,two_hall,3641,1,0,0,0,0,100.0
2026-08-30T17:12:15.383,234,1968,4.680000,2,FOC SPD,generated rotor dq,10,10,554,547,0.5400,0.9300,-0.5200,-0.5100,0.5600,1.2800,011,010,1930,1982,1968,1988,2011,1887,42.360,36.70,2985,46.6406,74.625,0,0,0,0.0,0,0,idle,1,two_hall,3641,1,0,0,0,0,100.0
2026-08-30T17:12:15.403,235,1969,4.700000,2,FOC SPD,generated rotor dq,10,10,561,541,0.1800,0.8000,0.2900,0.2100,0.6200,1.2800,010,011,1929,1957,1957,1985,1942,1958,42.360,36.70,3308,51.6875,82.700,0,0,0,0.0,0,0,idle,1,two_hall,3641,1,0,0,0,0,100.0
2026-08-30T17:12:15.424,236,1970,4.720000,2,FOC SPD,generated rotor dq,10,10,554,547,0.4100,1.4600,0.1900,-0.1800,0.4400,0.8200,110,101,1927,1971,1930,1959,1921,1965,42.360,36.70,2991,46.7344,74.775,0,0,0,0.0,0,0,idle,1,two_hall,3641,1,0,0,0,0,100.0
2026-08-30T17:12:15.444,237,1971,4.740000,2,FOC SPD,generated rotor dq,10,10,547,534,0.6700,0.8700,-0.2900,-0.5300,0.4400,1.0200,101,100,1924,1962,1986,1979,1972,1888,42.360,36.70,2991,46.7344,74.775,0,0,0,0.0,0,0,idle,1,two_hall,3641,1,0,0,0,0,100.0
2026-08-30T17:12:15.464,238,1972,4.760000,2,FOC SPD,generated rotor dq,10,10,554,541,0.9200,0.3500,0.0200,0.0700,0.7600,0.8200,001,010,1939,1984,1972,1961,1967,1923,42.360,36.70,2987,46.6719,74.675,0,0,0,0.0,0,0,idle,1,two_hall,3641,1,0,0,0,0,100.0
2026-08-30T17:12:15.485,239,1973,4.780000,2,FOC SPD,generated rotor dq,10,10,554,541,0.5900,0.8300,-0.6200,-0.0100,0.5200,1.0400,011,011,1929,1984,1974,1977,1964,1980,42.360,36.70,3065,47.8906,76.625,0,0,0,0.0,0,0,idle,1,two_hall,3641,1,0,0,0,0,100.0
2026-08-30T17:12:15.505,240,1974,4.800000,2,FOC SPD,generated rotor dq,10,10,554,547,0.1700,1.7400,-0.3300,-0.3600,0.4800,0.9200,010,101,1925,1990,1941,1975,1811,1979,42.360,36.70,2991,46.7344,74.775,0,0,0,0.0,0,0,idle,1,two_hall,3641,1,0,0,0,0,100.0
2026-08-30T17:12:15.525,241,1975,4.820000,2,FOC SPD,generated rotor dq,10,10,554,534,0.3100,0.8500,-0.0600,-0.2400,0.7200,1.2800,110,100,1937,1974,1938,1985,1968,1902,42.360,36.70,2990,46.7188,74.750,0,0,0,0.0,0,0,idle,1,two_hall,3641,1,0,0,0,0,100.0
2026-08-30T17:12:15.549,242,1976,4.840000,2,FOC SPD,generated rotor dq,10,10,554,555,0.9500,0.3000,-0.4600,0.1000,0.8200,0.6800,101,010,1942,1948,1978,1961,1980,1898,42.360,36.70,2991,46.7344,74.775,0,0,0,0.0,0,0,idle,1,two_hall,3641,1,0,0,0,0,100.0
2026-08-30T17:12:15.566,243,1977,4.860000,2,FOC SPD,generated rotor dq,10,10,547,541,1.0800,0.4300,0.6300,0.2400,0.8200,0.8600,001,011,1940,2015,1971,1966,1948,1946,42.360,36.70,2980,46.5625,74.500,0,0,0,0.0,0,0,idle,1,two_hall,3641,1,0,0,0,0,100.0
2026-08-30T17:12:15.586,244,1978,4.880000,2,FOC SPD,generated rotor dq,10,10,554,541,0.5500,1.3500,-0.5200,-0.1600,0.5800,1.0800,011,101,1929,1978,1970,1969,1910,1955,42.360,36.70,2986,46.6562,74.650,0,0,0,0.0,0,0,idle,1,two_hall,3641,1,0,0,0,0,100.0
2026-08-30T17:12:15.607,245,1979,4.900000,2,FOC SPD,generated rotor dq,10,10,554,547,0.2100,1.2200,-0.4900,-0.1100,0.4600,1.5400,010,100,1925,2012,1892,1993,1973,1903,42.360,36.70,2986,46.6562,74.650,0,0,0,0.0,0,0,idle,1,two_hall,3641,1,0,0,0,0,100.0
2026-08-30T17:12:15.627,246,1980,4.920000,2,FOC SPD,generated rotor dq,10,10,547,547,0.4300,0.4200,-0.1100,-0.2200,0.6400,0.9200,110,010,1933,1968,1945,1967,1970,1902,42.360,36.70,2991,46.7344,74.775,0,0,0,0.0,0,0,idle,1,two_hall,3641,1,0,0,0,0,100.0
2026-08-30T17:12:15.647,247,1981,4.940000,2,FOC SPD,generated rotor dq,10,10,561,541,0.5500,0.4800,0.1000,0.0900,0.5600,1.0600,100,011,1931,1954,1967,1973,1951,1947,42.360,36.70,2991,46.7344,74.775,0,0,0,0.0,0,0,idle,1,two_hall,3641,1,0,0,0,0,100.0
2026-08-30T17:12:15.668,248,1982,4.960000,2,FOC SPD,generated rotor dq,10,10,547,541,0.7400,-2.8500,0.3200,0.8700,0.6000,0.9800,001,101,1929,1993,1965,1967,1933,1925,42.360,36.70,2991,46.7344,74.775,0,0,0,0.0,0,0,idle,1,two_hall,3641,1,0,0,0,0,100.0
2026-08-30T17:12:15.688,249,1983,4.980000,2,FOC SPD,generated rotor dq,10,10,547,541,0.5700,0.6500,-0.5000,-0.1800,0.5000,1.0800,011,100,1926,1978,1980,1974,1966,1904,42.360,36.70,3061,47.8281,76.525,0,0,0,0.0,0,0,idle,1,two_hall,3641,1,0,0,0,0,100.0
2026-08-30T17:12:15.709,250,1984,5.000000,2,FOC SPD,generated rotor dq,10,10,547,541,0.2600,0.9100,0.0200,-0.1900,0.3400,1.3600,010,010,1919,1976,1921,1983,1995,1927,42.360,36.70,2987,46.6719,74.675,0,0,0,0.0,0,0,idle,1,two_hall,3641,1,0,0,0,0,100.0
2026-08-30T17:12:15.729,251,1985,5.020000,2,FOC SPD,generated rotor dq,10,10,547,547,0.3200,0.5800,0.5300,0.2000,0.7800,1.1200,110,011,1938,1954,1921,1971,1961,1951,42.360,36.70,2973,46.4531,74.325,0,0,0,0.0,0,0,idle,1,two_hall,3641,1,0,0,0,0,100.0
2026-08-30T17:12:15.749,252,1986,5.040000,2,FOC SPD,generated rotor dq,10,10,554,547,0.5900,0.9400,-0.0700,-0.0900,0.5600,0.8000,100,101,1930,1945,1963,1963,1922,1953,42.360,36.70,2991,46.7344,74.775,0,0,0,0.0,0,0,idle,1,two_hall,3641,1,0,0,0,0,100.0
2026-08-30T17:12:15.769,253,1987,5.060000,2,FOC SPD,generated rotor dq,10,10,554,534,0.7300,0.6300,0.1500,-0.2300,0.5000,1.0400,001,100,1927,1952,1975,1971,1982,1844,42.360,36.70,2981,46.5781,74.525,0,0,0,0.0,0,0,idle,1,two_hall,3641,1,0,0,0,0,100.0
2026-08-30T17:12:15.790,254,1988,5.080000,2,FOC SPD,generated rotor dq,10,10,540,541,0.6500,0.3500,-0.3100,0.1200,0.7600,0.8400,011,010,1937,2001,1960,1962,1967,1923,42.360,36.70,2991,46.7344,74.775,0,0,0,0.0,0,0,idle,1,two_hall,3641,1,0,0,0,0,100.0
2026-08-30T17:12:15.810,255,1989,5.100000,2,FOC SPD,generated rotor dq,10,10,547,541,0.4300,0.6200,-0.0900,0.3700,0.4600,1.1200,010,011,1925,1992,1888,1977,1942,1957,42.360,36.70,2987,46.6719,74.675,0,0,0,0.0,0,0,idle,1,two_hall,3641,1,0,0,0,0,100.0
2026-08-30T17:12:15.831,256,1990,5.120000,2,FOC SPD,generated rotor dq,10,10,547,547,0.9100,1.9800,0.4100,-0.3600,0.9600,1.1000,110,101,1945,1946,1948,1978,1904,1984,42.360,36.70,2991,46.7344,74.775,0,0,0,0.0,0,0,idle,1,two_hall,3641,1,0,0,0,0,100.0
2026-08-30T17:12:15.851,257,1991,5.140000,2,FOC SPD,generated rotor dq,10,10,547,547,0.6000,0.6200,0.0100,-0.2500,0.6200,0.9200,100,100,1932,1943,1965,1971,1955,1879,42.360,36.70,2983,46.6094,74.575,0,0,0,0.0,0,0,idle,1,two_hall,3641,1,0,0,0,0,100.0
2026-08-30T17:12:15.871,258,1992,5.160000,2,FOC SPD,generated rotor dq,10,10,554,547,1.1100,0.2600,-0.1400,-0.1300,0.8600,0.7600,001,010,1942,1940,1994,1959,1970,1917,42.360,36.70,3072,48.0000,76.800,0,0,0,0.0,0,0,idle,1,two_hall,3641,1,0,0,0,0,100.0
2026-08-30T17:12:15.891,259,1993,5.180000,2,FOC SPD,generated rotor dq,10,10,547,534,0.8700,0.5700,-0.4500,-0.1500,0.9000,0.9200,011,011,1944,2004,1960,1972,1935,1965,42.360,36.70,2973,46.4531,74.325,0,0,0,0.0,0,0,idle,1,two_hall,3641,1,0,0,0,0,100.0
2026-08-30T17:12:15.912,260,1994,5.200000,2,FOC SPD,generated rotor dq,10,10,554,547,0.2600,1.1200,-0.1200,-0.3000,0.4800,0.9400,010,101,1925,2000,1896,1971,1915,1977,42.360,36.70,2986,46.6562,74.650,0,0,0,0.0,0,0,idle,1,two_hall,3641,1,0,0,0,0,100.0
2026-08-30T17:12:15.932,261,1995,5.220000,2,FOC SPD,generated rotor dq,10,10,547,541,0.7800,0.4700,0.5500,-0.1300,0.9800,0.9200,110,100,1951,1942,1959,1967,1969,1869,42.360,36.70,3124,48.8125,78.100,0,0,0,0.0,0,0,idle,1,two_hall,3641,1,0,0,0,0,100.0
2026-08-30T17:12:15.952,262,1996,5.240000,2,FOC SPD,generated rotor dq,10,10,561,547,0.8800,0.4500,-0.2500,-0.3000,0.6600,0.8800,101,010,1934,1930,1962,1964,1980,1902,42.360,36.70,3072,48.0000,76.800,0,0,0,0.0,0,0,idle,1,two_hall,3641,1,0,0,0,0,100.0
2026-08-30T17:12:15.973,263,1997,5.260000,2,FOC SPD,generated rotor dq,10,10,547,541,0.7100,0.3200,0.1000,0.0700,0.4800,0.8200,001,011,1927,1966,1975,1967,1952,1946,42.360,36.70,3298,51.5312,82.450,0,0,0,0.0,0,0,idle,1,two_hall,3641,1,0,0,0,0,100.0
2026-08-30T17:12:15.993,264,1998,5.280000,2,FOC SPD,generated rotor dq,10,10,554,547,0.5400,0.0000,0.0500,0.0000,0.5000,0.8200,011,001,1925,1974,1986,1965,1931,1959,42.360,36.70,3138,49.0312,78.450,0,0,0,0.0,0,0,idle,1,two_hall,3641,1,0,0,0,0,100.0
2026-08-30T17:12:16.014,265,1999,5.300000,2,FOC SPD,generated rotor dq,10,10,554,541,0.2300,0.8900,-0.1300,0.5500,0.7000,0.8800,010,100,1933,1989,1905,1957,1969,1869,42.360,36.70,2987,46.6719,74.675,0,0,0,0.0,0,0,idle,1,two_hall,3641,1,0,0,0,0,100.0
2026-08-30T17:12:16.034,266,2000,5.320000,2,FOC SPD,generated rotor dq,10,10,547,547,0.8000,0.6100,0.6800,-0.4000,0.7000,1.0800,110,010,1937,1943,1969,1978,1990,1888,42.360,36.70,3138,49.0312,78.450,0,0,0,0.0,0,0,idle,1,two_hall,3641,1,0,0,0,0,100.0
2026-08-30T17:12:16.054,267,2001,5.340000,2,FOC SPD,generated rotor dq,10,10,554,547,0.8800,0.6300,-0.1500,-0.1300,0.6400,1.2000,101,011,1937,1919,1943,1979,1966,1946,42.360,36.70,2979,46.5469,74.475,0,0,0,0.0,0,0,idle,1,two_hall,3641,1,0,0,0,0,100.0
2026-08-30T17:12:16.075,268,2002,5.360000,2,FOC SPD,generated rotor dq,10,10,554,541,1.2300,0.7300,0.2200,-0.3000,0.6000,0.9800,001,001,1931,1963,1977,1971,1920,1964,42.360,36.70,2991,46.7344,74.775,0,0,0,0.0,0,0,idle,1,two_hall,3641,1,0,0,0,0,100.0
2026-08-30T17:12:16.095,269,2003,5.380000,2,FOC SPD,generated rotor dq,10,10,547,534,0.4300,1.3100,-0.2400,0.5600,0.5000,0.8800,011,100,1927,1981,1971,1971,1994,1836,42.360,36.70,2991,46.7344,74.775,0,0,0,0.0,0,0,idle,1,two_hall,3641,1,0,0,0,0,100.0
2026-08-30T17:12:16.116,270,2004,5.400000,2,FOC SPD,generated rotor dq,10,10,554,547,0.3300,0.2000,-0.4200,0.0900,0.6800,0.7000,010,110,1930,2005,1904,1951,1959,1885,42.360,36.70,2974,46.4688,74.350,0,0,0,0.0,0,0,idle,1,two_hall,3641,1,0,0,0,0,100.0
2026-08-30T17:12:16.136,271,2005,5.420000,2,FOC SPD,generated rotor dq,10,10,547,534,0.2400,0.5100,0.0400,0.3100,0.5000,1.1200,110,011,1929,1972,1943,1983,1925,1967,42.360,36.70,2991,46.7344,74.775,0,0,0,0.0,0,0,idle,1,two_hall,3641,1,0,0,0,0,100.0
2026-08-30T17:12:16.156,272,2006,5.440000,2,FOC SPD,generated rotor dq,10,10,554,541,0.8700,0.7300,-0.2200,-0.1200,0.6400,1.1000,101,001,1936,1926,1951,1976,1933,1944,42.360,36.70,3071,47.9844,76.775,0,0,0,0.0,0,0,idle,1,two_hall,3641,1,0,0,0,0,100.0
2026-08-30T17:12:16.177,273,2007,5.460000,2,FOC SPD,generated rotor dq,10,10,547,541,0.8300,1.9200,0.1600,0.3300,0.6200,1.0400,001,100,1931,1982,1966,1971,1968,1810,42.360,36.70,2991,46.7344,74.775,0,0,0,0.0,0,0,idle,1,two_hall,3641,1,0,0,0,0,100.0
2026-08-30T17:12:16.197,274,2008,5.480000,2,FOC SPD,generated rotor dq,10,10,561,541,0.6300,0.5600,-0.3700,-0.3100,0.4200,1.0400,011,110,1926,1966,1993,1975,1977,1869,42.360,36.70,2991,46.7344,74.775,0,0,0,0.0,0,0,idle,1,two_hall,3641,1,0,0,0,0,100.0
2026-08-30T17:12:16.217,275,2009,5.500000,2,FOC SPD,generated rotor dq,10,10,554,534,0.2600,0.5400,0.0200,0.1700,0.4000,1.1800,010,011,1920,1989,1896,1973,1917,1967,42.360,36.70,2986,46.6562,74.650,0,0,0,0.0,0,0,idle,1,two_hall,3641,1,0,0,0,0,100.0
2026-08-30T17:12:16.238,276,2010,5.520000,2,FOC SPD,generated rotor dq,10,10,547,534,0.6600,0.4600,-0.1700,0.0400,1.2000,0.9400,110,001,1959,1982,1916,1963,1941,1940,42.360,36.70,2987,46.6719,74.675,0,0,0,0.0,0,0,idle,1,two_hall,3641,1,0,0,0,0,100.0
2026-08-30T17:12:16.258,277,2011,5.540000,2,FOC SPD,generated rotor dq,10,10,554,541,0.8400,1.5000,-0.3500,0.4400,0.6800,1.1200,100,100,1938,1933,1957,1979,1949,1856,42.360,36.70,3135,48.9844,78.375,0,0,0,0.0,0,0,idle,1,two_hall,3641,1,0,0,0,0,100.0
2026-08-30T17:12:16.278,278,2012,5.560000,2,FOC SPD,generated rotor dq,10,10,547,534,0.7600,0.7800,0.2700,-0.4900,0.5000,1.2400,001,110,1924,1980,1974,1982,1990,1890,42.360,36.70,3071,47.9844,76.775,0,0,0,0.0,0,0,idle,1,two_hall,3641,1,0,0,0,0,100.0
2026-08-30T17:12:16.299,279,2013,5.580000,2,FOC SPD,generated rotor dq,10,10,547,541,0.4700,0.8900,-0.2800,-0.0700,0.3800,1.5000,011,011,1923,1974,1961,1990,1935,1976,42.360,36.70,2991,46.7344,74.775,0,0,0,0.0,0,0,idle,1,two_hall,3641,1,0,0,0,0,100.0
2026-08-30T17:12:16.319,280,2014,5.600000,2,FOC SPD,generated rotor dq,10,10,540,547,0.3900,0.3800,0.1400,-0.1000,0.5400,0.8400,010,001,1925,1988,1868,1960,1901,1961,42.360,36.70,2975,46.4844,74.375,0,0,0,0.0,0,0,idle,1,two_hall,3641,1,0,0,0,0,100.0
2026-08-30T17:12:16.339,281,2015,5.620000,2,FOC SPD,generated rotor dq,10,10,547,534,0.4100,1.7000,0.0700,0.6000,0.7000,1.0800,110,100,1935,1967,1941,1976,1984,1862,42.360,36.70,2991,46.7344,74.775,0,0,0,0.0,0,0,idle,1,two_hall,3641,1,0,0,0,0,100.0
2026-08-30T17:12:16.360,282,2016,5.640000,2,FOC SPD,generated rotor dq,10,10,547,534,0.9000,0.5700,-0.0200,-0.2400,0.7200,0.9800,100,110,1939,1949,1982,1975,1984,1904,42.360,36.70,3135,48.9844,78.375,0,0,0,0.0,0,0,idle,1,two_hall,3641,1,0,0,0,0,100.0
2026-08-30T17:12:16.380,283,2017,5.660000,2,FOC SPD,generated rotor dq,10,10,554,541,0.7800,0.6200,0.1800,-0.1900,0.6000,1.2400,001,011,1931,1961,1973,1983,1967,1946,42.360,36.70,2991,46.7344,74.775,0,0,0,0.0,0,0,idle,1,two_hall,3641,1,0,0,0,0,100.0
2026-08-30T17:12:16.400,284,2018,5.680000,2,FOC SPD,generated rotor dq,10,10,554,541,0.9400,0.7100,-0.6400,-0.3300,0.7200,1.0600,011,001,1937,1978,1967,1969,1931,1971,42.360,36.70,2983,46.6094,74.575,0,0,0,0.0,0,0,idle,1,two_hall,3641,1,0,0,0,0,100.0
2026-08-30T17:12:16.421,285,2019,5.700000,2,FOC SPD,generated rotor dq,10,10,547,541,0.5500,1.3700,0.0300,0.4800,0.5800,0.7600,010,100,1929,1996,1875,1957,1966,1917,42.360,36.70,2987,46.6719,74.675,0,0,0,0.0,0,0,idle,1,two_hall,3641,1,0,0,0,0,100.0
2026-08-30T17:12:16.441,286,2020,5.720000,2,FOC SPD,generated rotor dq,10,10,554,541,0.7500,0.7000,1.2300,-0.5900,0.8600,0.8600,110,110,1944,1972,1816,1964,1975,1727,42.360,36.70,2974,46.4688,74.350,0,0,0,0.0,0,0,idle,1,two_hall,3641,1,0,0,0,0,100.0
2026-08-30T17:12:16.461,287,2021,5.740000,2,FOC SPD,generated rotor dq,10,10,547,541,0.6300,0.2700,-0.0100,0.1100,0.6200,0.8200,100,011,1932,1944,1970,1962,1951,1948,42.360,36.70,3071,47.9844,76.775,0,0,0,0.0,0,0,idle,1,two_hall,3641,1,0,0,0,0,100.0
2026-08-30T17:12:16.482,288,2022,5.760000,2,FOC SPD,generated rotor dq,10,10,554,541,0.5800,0.4000,0.2400,-0.0900,0.7000,0.8400,001,001,1935,1961,1975,1965,1887,1958,42.360,36.70,2982,46.5938,74.550,0,0,0,0.0,0,0,idle,1,two_hall,3641,1,0,0,0,0,100.0
2026-08-30T17:12:16.502,289,2023,5.780000,2,FOC SPD,generated rotor dq,10,10,554,547,0.7400,0.7500,-0.5900,0.0100,0.7000,0.9800,011,100,1936,1977,1987,1970,1925,1928,42.360,36.70,2991,46.7344,74.775,0,0,0,0.0,0,0,idle,1,two_hall,3641,1,0,0,0,0,100.0
2026-08-30T17:12:16.522,290,2024,5.800000,2,FOC SPD,generated rotor dq,10,10,547,541,0.5100,0.6100,0.4300,-0.5500,0.4600,0.8400,010,110,1921,1983,1887,1965,1955,1849,42.360,36.70,2981,46.5781,74.525,0,0,0,0.0,0,0,idle,1,two_hall,3641,1,0,0,0,0,100.0
2026-08-30T17:12:16.543,291,2025,5.820000,2,FOC SPD,generated rotor dq,10,10,547,547,0.8900,0.1900,-0.0300,0.9200,0.5800,0.8800,110,010,1928,1996,1902,1962,1911,1987,42.360,36.70,3072,48.0000,76.800,0,0,0,0.0,0,0,idle,1,two_hall,3641,1,0,0,0,0,100.0
2026-08-30T17:12:16.563,292,2026,5.840000,2,FOC SPD,generated rotor dq,10,10,554,541,0.5300,0.7700,0.2300,0.8500,0.4600,1.0600,100,001,1923,1921,1960,1973,1910,1951,42.360,36.70,2987,46.6719,74.675,0,0,0,0.0,0,0,idle,1,two_hall,3641,1,0,0,0,0,100.0
2026-08-30T17:12:16.584,293,2027,5.860000,2,FOC SPD,generated rotor dq,10,10,554,547,0.6700,0.9400,0.0200,0.4200,0.4200,0.8000,101,101,1925,1935,1974,1964,1948,1939,42.360,36.70,3071,47.9844,76.775,0,0,0,0.0,0,0,idle,1,two_hall,3641,1,0,0,0,0,100.0
2026-08-30T17:12:16.605,294,2028,5.880000,2,FOC SPD,generated rotor dq,10,10,547,534,0.8500,0.8900,-0.5500,-0.5200,0.7800,0.9800,001,110,1938,1969,1980,1974,1981,1869,42.360,36.70,3124,48.8125,78.100,0,0,0,0.0,0,0,idle,1,two_hall,3641,1,0,0,0,0,100.0
2026-08-30T17:12:16.624,295,2029,5.900000,2,FOC SPD,generated rotor dq,10,10,540,547,0.5600,0.2100,0.5300,-0.0300,0.3800,0.8400,010,010,1919,1978,1945,1967,1961,1939,42.360,36.70,3072,48.0000,76.800,0,0,0,0.0,0,0,idle,1,two_hall,3641,1,0,0,0,0,100.0
2026-08-30T17:12:16.644,296,2030,5.920000,2,FOC SPD,generated rotor dq,10,10,554,547,0.7000,0.6600,-0.1100,-0.3800,0.5600,0.9200,110,001,1929,1995,1885,1963,2000,1964,42.360,36.70,2991,46.7344,74.775,0,0,0,0.0,0,0,idle,1,two_hall,3641,1,0,0,0,0,100.0
2026-08-30T17:12:16.665,297,2031,5.940000,2,FOC SPD,generated rotor dq,10,10,554,541,0.7200,-3.3200,0.2000,1.1200,0.6000,0.9400,100,101,1931,1912,1940,1962,3016,1916,42.360,36.70,2975,46.4844,74.375,0,0,0,0.0,0,0,idle,1,two_hall,3641,1,0,0,0,0,100.0
2026-08-30T17:12:16.685,298,2032,5.960000,2,FOC SPD,generated rotor dq,10,10,547,541,0.6100,1.0900,-0.0400,-0.8200,0.4800,0.9800,101,110,1921,1921,1980,1970,1966,1916,42.360,36.70,2986,46.6562,74.650,0,0,0,0.0,0,0,idle,1,two_hall,3641,1,0,0,0,0,100.0
2026-08-30T17:12:16.706,299,2033,5.980000,2,FOC SPD,generated rotor dq,10,10,547,541,1.0700,0.6400,-0.1700,-0.3000,0.9200,1.0800,001,010,1947,1997,1950,1970,1975,1935,42.360,36.70,3123,48.7969,78.075,0,0,0,0.0,0,0,idle,1,two_hall,3641,1,0,0,0,0,100.0
2026-08-30T17:12:16.726,300,2034,6.000000,2,FOC SPD,generated rotor dq,10,10,554,541,0.2700,1.6500,-0.3200,1.2100,0.4400,1.6600,010,001,1922,1988,1970,2002,1927,1975,42.360,36.70,3072,48.0000,76.800,0,0,0,0.0,0,0,idle,1,two_hall,3641,1,0,0,0,0,100.0
2026-08-30T17:12:16.746,301,2035,6.020000,2,FOC SPD,generated rotor dq,10,10,554,555,0.7100,0.7800,-0.3300,-0.1000,0.5200,0.9600,110,101,1927,2004,1930,1969,1883,1960,42.360,36.70,2981,46.5781,74.525,0,0,0,0.0,0,0,idle,1,two_hall,3641,1,0,0,0,0,100.0
2026-08-30T17:12:16.767,302,2036,6.040000,2,FOC SPD,generated rotor dq,10,10,540,541,1.8100,0.6900,0.1700,-0.2700,1.0600,0.8800,100,100,1953,1848,1995,1965,1966,1926,42.360,36.70,2987,46.6719,74.675,0,0,0,0.0,0,0,idle,1,two_hall,3641,1,0,0,0,0,100.0
2026-08-30T17:12:16.787,303,2037,6.060000,2,FOC SPD,generated rotor dq,10,10,547,547,0.6200,0.2800,-0.1100,0.0900,0.6000,0.8600,101,010,1930,1890,1973,1957,1965,1927,42.360,36.70,2985,46.6406,74.625,0,0,0,0.0,0,0,idle,1,two_hall,3641,1,0,0,0,0,100.0
2026-08-30T17:12:16.807,304,2038,6.080000,2,FOC SPD,generated rotor dq,10,10,547,541,1.1100,0.7400,-0.1900,0.2700,0.9600,1.1800,001,001,1950,2008,1967,1980,1938,1957,42.360,36.70,2991,46.7344,74.775,0,0,0,0.0,0,0,idle,1,two_hall,3641,1,0,0,0,0,100.0
2026-08-30T17:12:16.828,305,2039,6.100000,2,FOC SPD,generated rotor dq,10,10,561,547,0.4000,1.4800,-0.2400,-0.3200,0.4600,0.9600,010,101,1923,1986,1965,1979,1798,1973,42.360,36.70,2991,46.7344,74.775,0,0,0,0.0,0,0,idle,1,two_hall,3641,1,0,0,0,0,100.0
2026-08-30T17:12:16.848,306,2040,6.120000,2,FOC SPD,generated rotor dq,10,10,547,541,0.6600,0.6000,-0.0800,-0.3100,0.5400,0.8000,110,100,1929,1966,1954,1970,1967,1923,42.360,36.70,3072,48.0000,76.800,0,0,0,0.0,0,0,idle,1,two_hall,3641,1,0,0,0,0,100.0
2026-08-30T17:12:16.868,307,2041,6.140000,2,FOC SPD,generated rotor dq,10,10,547,547,1.0500,0.2800,-0.1500,0.1800,0.7000,0.9600,100,010,1934,1885,1982,1967,1962,1924,42.360,36.70,2987,46.6719,74.675,0,0,0,0.0,0,0,idle,1,two_hall,3641,1,0,0,0,0,100.0
2026-08-30T17:12:16.889,308,2042,6.160000,2,FOC SPD,generated rotor dq,10,10,554,534,0.7500,0.4900,0.5100,-0.2000,0.5400,1.0800,101,011,1926,1963,1979,1976,1942,1967,42.360,36.70,2991,46.7344,74.775,0,0,0,0.0,0,0,idle,1,two_hall,3641,1,0,0,0,0,100.0
2026-08-30T17:12:16.909,309,2043,6.180000,2,FOC SPD,generated rotor dq,10,10,547,547,0.6300,1.0900,-0.2900,-0.1800,0.5800,0.7200,011,101,1928,1980,2032,1964,1803,1964,42.360,36.70,3072,48.0000,76.800,0,0,0,0.0,0,0,idle,1,two_hall,3641,1,0,0,0,0,100.0
2026-08-30T17:12:16.929,310,2044,6.200000,2,FOC SPD,generated rotor dq,10,10,554,541,0.6300,0.7500,0.3100,-0.3600,0.4000,1.0000,010,100,1923,1992,1955,1977,1964,1911,42.360,36.70,2991,46.7344,74.775,0,0,0,0.0,0,0,idle,1,two_hall,3641,1,0,0,0,0,100.0
2026-08-30T17:12:16.950,311,2045,6.220000,2,FOC SPD,generated rotor dq,10,10,547,547,0.5500,0.3900,0.3500,-0.2700,0.7200,0.8000,110,010,1933,1962,1913,1965,1981,1908,42.360,36.70,2987,46.6719,74.675,0,0,0,0.0,0,0,idle,1,two_hall,3641,1,0,0,0,0,100.0
2026-08-30T17:12:16.970,312,2046,6.240000,2,FOC SPD,generated rotor dq,10,10,547,541,0.5100,0.2400,0.4400,0.2400,0.6200,0.9000,100,011,1933,1946,1983,1965,1950,1947,42.360,36.70,2991,46.7344,74.775,0,0,0,0.0,0,0,idle,1,two_hall,3641,1,0,0,0,0,100.0
2026-08-30T17:12:16.990,313,2047,6.260000,2,FOC SPD,generated rotor dq,10,10,554,555,0.7700,0.8300,0.3200,-0.2100,0.7000,0.9400,101,101,1930,1964,1977,1969,1900,1997,42.360,36.70,3215,50.2344,80.375,0,0,0,0.0,0,0,idle,1,two_hall,3641,1,0,0,0,0,100.0
2026-08-30T17:12:17.011,314,2048,6.280000,2,FOC SPD,generated rotor dq,10,10,547,541,0.6000,0.0800,-0.2400,0.9500,0.5400,0.7400,011,100,1931,1981,1973,1963,1987,1879,42.360,36.70,2991,46.7344,74.775,0,0,0,0.0,0,0,idle,1,two_hall,3641,1,0,0,0,0,100.0
2026-08-30T17:12:17.031,315,2049,6.300000,2,FOC SPD,generated rotor dq,10,10,554,547,0.3600,0.3100,0.1800,-0.1100,0.5800,0.7600,010,010,1927,1992,1908,1959,1987,1922,42.360,36.70,2987,46.6719,74.675,0,0,0,0.0,0,0,idle,1,two_hall,3641,1,0,0,0,0,100.0
2026-08-30T17:12:17.051,316,2050,6.320000,2,FOC SPD,generated rotor dq,7,7,554,547,0.3200,0.5700,0.4300,0.0000,0.7400,1.1600,110,011,1935,1977,1940,1977,1959,1954,42.360,36.70,2991,46.7344,74.775,0,0,0,0.0,0,0,idle,1,two_hall,3641,1,0,0,0,0,100.0
2026-08-30T17:12:17.072,317,2051,6.340000,2,FOC SPD,generated rotor dq,4,4,554,547,0.6400,0.8300,0.0000,-0.2300,0.6400,0.9000,100,101,1930,1949,1967,1965,1912,1968,42.360,36.70,3215,50.2344,80.375,0,0,0,0.0,0,0,idle,1,two_hall,3641,1,0,0,0,0,100.0
2026-08-30T17:12:17.092,318,2052,6.360000,2,FOC SPD,generated rotor dq,3,3,547,534,0.5100,0.6400,0.2600,-0.1600,0.7000,1.0600,001,100,1937,1982,1970,1975,1977,1881,42.360,36.70,2991,46.7344,74.775,0,0,0,0.0,0,0,idle,1,two_hall,3641,1,0,0,0,0,100.0
2026-08-30T17:12:17.112,319,2053,6.380000,2,FOC SPD,generated rotor dq,2,2,547,541,0.6600,0.1000,-0.5400,0.5300,0.6600,0.7000,011,010,1935,1989,1974,1950,1956,1937,42.360,36.70,2986,46.6562,74.650,0,0,0,0.0,0,0,idle,1,two_hall,3641,1,0,0,0,0,100.0
2026-08-30T17:12:17.133,320,2054,6.400000,2,FOC SPD,generated rotor dq,0,0,547,534,0.0800,0.3500,-0.3600,0.3100,0.5200,0.8600,010,011,1927,1988,1951,1965,1931,1944,42.360,36.70,2991,46.7344,74.775,0,0,0,0.0,0,0,idle,1,two_hall,3641,1,0,0,0,0,100.0
2026-08-30T17:12:17.153,321,2055,6.420000,2,FOC SPD,generated rotor dq,0,0,547,541,1.5800,1.2200,0.3900,-0.1700,1.1800,0.7400,100,101,1961,1927,1967,1966,1923,1968,42.360,36.70,3072,48.0000,76.800,0,0,0,0.0,0,0,idle,1,two_hall,3641,1,0,0,0,0,100.0
2026-08-30T17:12:17.173,322,2056,6.440000,2,FOC SPD,generated rotor dq,0,0,554,541,0.8300,0.7100,-0.2500,-0.2400,0.5000,1.1400,101,100,1928,1951,1966,1980,1967,1913,42.360,36.70,2991,46.7344,74.775,0,0,0,0.0,0,0,idle,1,two_hall,3641,1,0,0,0,0,100.0
